[2024-09-12 22:56:18.247] [RobinLog] [info] Qt: Crashpad version: "1.8.22.0"
[2024-09-12 22:56:18.251] [RobinLog] [info] Qt: ScreenList  PixScreenManager
"\\\\.\\DISPLAY1"(""): Primary
    Geometry: QRect(0,0 1920x1080)
    AvailableGeometry: QRect(0,0 1920x1042)
    LogicalDotsPerInch: 120
    DevicePixelRatio: 1
    PixelRatio: 1.25
[2024-09-12 22:56:18.331] [RobinLog] [info] Qt: Preheat program start
[2024-09-12 22:56:18.363] [RobinLog] [info] Qt: Preheat program end
[2024-09-12 22:56:53.909] [RobinLog] [info] Qt: Spend Time: 941 ms before ScreenShot: 0 ms ScreenShot: 42 ms ScreenShotWidgetInit: 839 ms UiSpyInit: 44 ms ShortCutTipsInit: 0 ms QrCodeDetectInit: 16 ms SetupScreenShotWindow: 0 ms ShowScreenShotWindow: 0 ms After ShowScreenShotWindow: 0 ms
[2024-09-12 22:56:54.020] [RobinLog] [info] Qt: Spend Time: 0 ms before ScreenShot: -1040 ms ScreenShot: 42 ms ScreenShotWidgetInit: 839 ms UiSpyInit: 44 ms ShortCutTipsInit: 0 ms QrCodeDetectInit: 16 ms SetupScreenShotWindow: 0 ms ShowScreenShotWindow: 0 ms After ShowScreenShotWindow: 99 ms
[2024-09-12 22:57:18.755] [RobinLog] [info] Qt: Spend Time: 123 ms before ScreenShot: 0 ms ScreenShot: 41 ms ScreenShotWidgetInit: 57 ms UiSpyInit: 10 ms ShortCutTipsInit: 0 ms QrCodeDetectInit: 0 ms SetupScreenShotWindow: 0 ms ShowScreenShotWindow: 15 ms After ShowScreenShotWindow: 0 ms
[2024-09-12 23:24:18.298] [RobinLog] [info] Qt: Preheat program start
[2024-09-12 23:24:18.357] [RobinLog] [info] Qt: Preheat program end
[2024-09-12 23:54:18.298] [RobinLog] [info] Qt: Preheat program start
[2024-09-12 23:54:18.324] [RobinLog] [info] Qt: Preheat program end
[2024-09-13 00:24:22.708] [RobinLog] [info] Qt: Preheat program start
[2024-09-13 00:24:22.847] [RobinLog] [info] Qt: Preheat program end
[2024-09-13 00:54:22.750] [RobinLog] [info] Qt: Preheat program start
[2024-09-13 00:54:22.798] [RobinLog] [info] Qt: Preheat program end
[2024-09-13 01:24:22.742] [RobinLog] [info] Qt: Preheat program start
[2024-09-13 01:24:22.847] [RobinLog] [info] Qt: Preheat program end
[2024-09-13 01:54:22.808] [RobinLog] [info] Qt: Preheat program start
[2024-09-13 01:54:22.859] [RobinLog] [info] Qt: Preheat program end
[2024-09-13 22:07:32.544] [RobinLog] [info] Qt: Preheat program start
[2024-09-13 22:07:32.672] [RobinLog] [info] Qt: Preheat program end
[2024-09-13 22:37:32.586] [RobinLog] [info] Qt: Preheat program start
[2024-09-13 22:37:32.636] [RobinLog] [info] Qt: Preheat program end
[2024-09-13 22:53:42.154] [RobinLog] [info] Qt: Spend Time: 634 ms before ScreenShot: 0 ms ScreenShot: 77 ms ScreenShotWidgetInit: 313 ms UiSpyInit: 211 ms ShortCutTipsInit: 0 ms QrCodeDetectInit: 17 ms SetupScreenShotWindow: 0 ms ShowScreenShotWindow: 16 ms After ShowScreenShotWindow: 0 ms
[2024-09-13 22:53:52.225] [RobinLog] [info] Qt: Spend Time: 152 ms before ScreenShot: 0 ms ScreenShot: 66 ms ScreenShotWidgetInit: 6 ms UiSpyInit: 61 ms ShortCutTipsInit: 0 ms QrCodeDetectInit: 9 ms SetupScreenShotWindow: 0 ms ShowScreenShotWindow: 10 ms After ShowScreenShotWindow: 0 ms
[2024-09-13 23:07:32.613] [RobinLog] [info] Qt: Preheat program start
[2024-09-13 23:07:32.717] [RobinLog] [info] Qt: Preheat program end
[2024-09-13 23:37:32.612] [RobinLog] [info] Qt: Preheat program start
[2024-09-13 23:37:32.660] [RobinLog] [info] Qt: Preheat program end
[2024-09-14 00:07:32.660] [RobinLog] [info] Qt: Preheat program start
[2024-09-14 00:07:32.744] [RobinLog] [info] Qt: Preheat program end
[2024-09-14 00:37:32.731] [RobinLog] [info] Qt: Preheat program start
[2024-09-14 00:37:32.784] [RobinLog] [info] Qt: Preheat program end
[2024-09-14 13:49:13.592] [RobinLog] [info] Qt: Preheat program start
[2024-09-14 13:49:13.650] [RobinLog] [info] Qt: Preheat program end
[2024-09-14 14:19:16.048] [RobinLog] [info] Qt: Preheat program start
[2024-09-14 14:19:16.097] [RobinLog] [info] Qt: Preheat program end
[2024-09-14 14:49:16.045] [RobinLog] [info] Qt: Preheat program start
[2024-09-14 14:49:16.076] [RobinLog] [info] Qt: Preheat program end
[2024-09-14 15:19:16.106] [RobinLog] [info] Qt: Preheat prog[2024-09-16 22:00:29.509] [RobinLog] [info] Qt: Crashpad version: "1.8.22.0"
[2024-09-16 22:00:29.517] [RobinLog] [info] Qt: ScreenList  PixScreenManager
"\\\\.\\DISPLAY1"(""): Primary
    Geometry: QRect(0,0 1920x1080)
    AvailableGeometry: QRect(0,0 1920x1042)
    LogicalDotsPerInch: 120
    DevicePixelRatio: 1
    PixelRatio: 1.25
[2024-09-16 22:00:29.755] [RobinLog] [info] Qt: Preheat program start
[2024-09-16 22:00:29.821] [RobinLog] [info] Qt: Preheat program end
[2024-09-16 22:00:32.246] [RobinLog] [info] Qt: Spend Time: 1962 ms before ScreenShot: 0 ms ScreenShot: 51 ms ScreenShotWidgetInit: 1715 ms UiSpyInit: 104 ms ShortCutTipsInit: 0 ms QrCodeDetectInit: 88 ms SetupScreenShotWindow: 0 ms ShowScreenShotWindow: 4 ms After ShowScreenShotWindow: 0 ms
[2024-09-16 22:00:32.318] [RobinLog] [info] Qt: Spend Time: 0 ms before ScreenShot: -2035 ms ScreenShot: 51 ms ScreenShotWidgetInit: 1715 ms UiSpyInit: 104 ms ShortCutTipsInit: 0 ms QrCodeDetectInit: 88 ms SetupScreenShotWindow: 0 ms ShowScreenShotWindow: 4 ms After ShowScreenShotWindow: 73 ms
[2024-09-16 22:28:29.412] [RobinLog] [info] Qt: Preheat program start
[2024-09-16 22:28:29.441] [RobinLog] [info] Qt: Preheat program end
[2024-09-16 22:58:29.424] [RobinLog] [info] Qt: Preheat program start
[2024-09-16 22:58:29.481] [RobinLog] [info] Qt: Preheat program end
[2024-09-16 23:28:29.469] [RobinLog] [info] Qt: Preheat program start
[2024-09-16 23:28:29.497] [RobinLog] [info] Qt: Preheat program end
[2024-09-16 23:34:05.456] [RobinLog] [info] Qt: Spend Time: 442 ms before ScreenShot: 0 ms ScreenShot: 70 ms ScreenShotWidgetInit: 305 ms UiSpyInit: 50 ms ShortCutTipsInit: 0 ms QrCodeDetectInit: 9 ms SetupScreenShotWindow: 0 ms ShowScreenShotWindow: 8 ms After ShowScreenShotWindow: 0 ms
[2024-09-16 23:58:29.542] [RobinLog] [info] Qt: Preheat program start
[2024-09-16 23:58:29.592] [RobinLog] [info] Qt: Preheat program end
[2024-09-17 00:28:29.587] [RobinLog] [info] Qt: Preheat program start
[2024-09-17 00:28:29.615] [RobinLog] [info] Qt: Preheat program end
[2024-09-17 00:35:33.777] [RobinLog] [info] Qt: Spend Time: 292 ms before ScreenShot: 1 ms ScreenShot: 69 ms ScreenShotWidgetInit: 126 ms UiSpyInit: 79 ms ShortCutTipsInit: 0 ms QrCodeDetectInit: 9 ms SetupScreenShotWindow: 0 ms ShowScreenShotWindow: 8 ms After ShowScreenShotWindow: 0 ms
[2024-09-17 00:35:41.803] [RobinLog] [info] Qt: Spend Time: 85 ms before ScreenShot: 1 ms ScreenShot: 43 ms ScreenShotWidgetInit: 4 ms UiSpyInit: 26 ms ShortCutTipsInit: 0 ms QrCodeDetectInit: 5 ms SetupScreenShotWindow: 0 ms ShowScreenShotWindow: 6 ms After ShowScreenShotWindow: 0 ms
[2024-09-17 00:38:15.096] [RobinLog] [info] Qt: Spend Time: 166 ms before ScreenShot: 0 ms ScreenShot: 40 ms ScreenShotWidgetInit: 71 ms UiSpyInit: 40 ms ShortCutTipsInit: 0 ms QrCodeDetectInit: 8 ms SetupScreenShotWindow: 0 ms ShowScreenShotWindow: 7 ms After ShowScreenShotWindow: 0 ms
[2024-09-17 00:58:29.622] [RobinLog] [info] Qt: Preheat program start
[2024-09-17 00:58:29.670] [RobinLog] [info] Qt: Preheat program end
[2024-09-17 01:28:29.614] [RobinLog] [info] Qt: Preheat program start
[2024-09-17 01:28:29.642] [RobinLog] [info] Qt: Preheat program end
[2024-09-17 01:58:29.622] [RobinLog] [info] Qt: Preheat program start
[2024-09-17 01:58:29.671] [RobinLog] [info] Qt: Preheat program end
[2024-09-17 02:28:29.666] [RobinLog] [info] Qt: Preheat program start
[2024-09-17 02:28:29.692] [RobinLog] [info] Qt: Preheat program end
[2024-09-17 02:58:29.672] [RobinLog] [info] Qt: Preheat program start
[2024-09-17 02:58:29.700] [RobinLog] [info] Qt: Preheat program end
[2024-09-17 03:28:29.669] [RobinLog] [info] Qt: Preheat program start
[2024-09-17 03:28:29.697] [RobinLog] [info] Qt: Preheat program end
[2024-09-17 03:58:29.718] [RobinLog] [info] Qt: Preheat program start
[2024-09-17 03:58:29.747] [RobinLog] [info] Qt: Preheat program end
[2024-09-17 04:28:29.707] [RobinLog] [info] Qt: Preheat program start
[2024-09-17 04:28:29.738] [RobinLog] [info] Qt: Preheat program end
[2024-09-17 04:58:29.708] [RobinLog] [info] Qt: Preheat program start
[2024-09-17 04:58:29.739] [RobinLog] [info] Qt: Preheat program end
[2024-09-17 05:28:29.712] [RobinLog] [info] Qt: Preheat program start
[2024-09-17 05:28:29.741] [RobinLog] [info] Qt: Preheat program end
[2024-09-17 05:58:29.734] [RobinLog] [info] Qt: Preheat program start
[2024-09-17 05:58:29.763] [RobinLog] [info] Qt: Preheat program end
[2024-09-17 06:28:29.743] [RobinLog] [info] Qt: Preheat program start
[2024-09-17 06:28:29.772] [RobinLog] [info] Qt: Preheat program end
[2024-09-17 06:58:29.784] [RobinLog] [info] Qt: Preheat program start
[2024-09-17 06:58:29.814] [RobinLog] [info] Qt: Preheat program end
[2024-09-17 07:28:29.794] [RobinLog] [info] Qt: Preheat program start
[2024-09-17 07:28:29.823] [RobinLog] [info] Qt: Preheat program end
[2024-09-17 07:58:29.786] [RobinLog] [info] Qt: Preheat program start
[2024-09-17 07:58:29.813] [RobinLog] [info] Qt: Preheat program end
[2024-09-17 08:28:29.795] [RobinLog] [info] Qt: Preheat program start
[2024-09-17 08:28:29.824] [RobinLog] [info] Qt: Preheat program end
[2024-09-17 08:58:29.788] [RobinLog] [info] Qt: Preheat program start
[2024-09-17 08:58:29.818] [RobinLog] [info] Qt: Preheat program end
[2024-09-17 09:28:29.793] [RobinLog] [info] Qt: Preheat program start
[2024-09-17 09:28:29.822] [RobinLog] [info] Qt: Preheat program end
[2024-09-17 09:58:29.833] [RobinLog] [info] Qt: Preheat program start
[2024-09-17 09:58:29.862] [RobinLog] [info] Qt: Preheat program end
[2024-09-17 10:28:29.873] [RobinLog] [info] Qt: Preheat program start
[2024-09-17 10:28:29.901] [RobinLog] [info] Qt: Preheat program end
[2024-09-17 10:58:29.874] [RobinLog] [info] Qt: Preheat program start
[2024-09-17 10:58:29.904] [RobinLog] [info] Qt: Preheat program end
[2024-09-17 11:28:29.965] [RobinLog] [info] Qt: Preheat program start
[2024-09-17 11:28:29.993] [RobinLog] [info] Qt: Preheat program end
[2024-09-17 11:58:29.967] [RobinLog] [info] Qt: Preheat program start
[2024-09-17 11:58:29.998] [RobinLog] [info] Qt: Preheat program end
[2024-09-17 12:28:29.968] [RobinLog] [info] Qt: Preheat program start
[2024-09-17 12:28:29.997] [RobinLog] [info] Qt: Preheat program end
[2024-09-17 12:58:29.969] [RobinLog] [info] Qt: Preheat program start
[2024-09-17 12:58:29.999] [RobinLog] [info] Qt: Preheat program end
[2024-09-17 13:28:29.957] [RobinLog] [info] Qt: Preheat program start
[2024-09-17 13:28:29.985] [RobinLog] [info] Qt: Preheat program end
[2024-09-17 13:58:29.993] [RobinLog] [info] Qt: Preheat program start
[2024-09-17 13:58:30.042] [RobinLog] [info] Qt: Preheat program end
[2024-09-17 14:28:29.993] [RobinLog] [info] Qt: Preheat program start
[2024-09-17 14:28:30.022] [RobinLog] [info] Qt: Preheat program end
[2024-09-17 14:58:30.044] [RobinLog] [info] Qt: Preheat program start
[2024-09-17 14:58:30.074] [RobinLog] [info] Qt: Preheat program end
[2024-09-17 15:28:30.040] [RobinLog] [info] Qt: Preheat program start
[2024-09-17 15:28:30.068] [RobinLog] [info] Qt: Preheat program end
[2024-09-17 15:58:30.034] [RobinLog] [info] Qt: Preheat program start
[2024-09-17 15:58:30.082] [RobinLog] [info] Qt: Preheat program end
[2024-09-17 16:28:30.085] [RobinLog] [info] Qt: Preheat program start
[2024-09-17 16:28:30.116] [RobinLog] [info] Qt: Preheat program end
[2024-09-17 16:58:30.122] [RobinLog] [info] Qt: Preheat program start
[2024-09-17 16:58:30.152] [RobinLog] [info] Qt: Preheat program end
[2024-09-17 17:28:30.123] [RobinLog] [info] Qt: Preheat program start
[2024-09-17 17:28:30.152] [RobinLog] [info] Qt: Preheat program end
[2024-09-17 17:58:30.115] [RobinLog] [info] Qt: Preheat program start
[2024-09-17 17:58:30.145] [RobinLog] [info] Qt: Preheat program end
[2024-09-17 18:28:30.127] [RobinLog] [info] Qt: Preheat program start
[2024-09-17 18:28:30.156] [RobinLog] [info] Qt: Preheat program end
[2024-09-17 18:58:30.172] [RobinLog] [info] Qt: Preheat program start
[2024-09-17 18:58:30.202] [RobinLog] [info] Qt: Preheat program end
[2024-09-17 19:28:30.220] [RobinLog] [info] Qt: Preheat program start
[2024-09-17 19:28:30.249] [RobinLog] [info] Qt: Preheat program end
[2024-09-17 19:58:30.216] [RobinLog] [info] Qt: Preheat program start
[2024-09-17 19:58:30.256] [RobinLog] [info] Qt: Preheat program end
[2024-09-17 20:28:30.208] [RobinLog] [info] Qt: Preheat program start
[2024-09-17 20:28:30.239] [RobinLog] [info] Qt: Preheat program end
[2024-09-17 20:58:30.213] [RobinLog] [info] Qt: Preheat program start
[2024-09-17 20:58:30.243] [RobinLog] [info] Qt: Preheat program end
[2024-09-17 21:28:30.209] [RobinLog] [info] Qt: Preheat program start
[2024-09-17 21:28:30.236] [RobinLog] [info] Qt: Preheat program end
[2024-09-17 21:58:30.220] [RobinLog] [info] Qt: Preheat program start
[2024-09-17 21:58:30.249] [RobinLog] [info] Qt: Preheat program end
[2024-09-17 22:28:30.212] [RobinLog] [info] Qt: Preheat program start
[2024-09-17 22:28:30.242] [RobinLog] [info] Qt: Preheat program end
[2024-09-17 22:58:30.215] [RobinLog] [info] Qt: Preheat program start
[2024-09-17 22:58:30.244] [RobinLog] [info] Qt: Preheat program end
[2024-09-17 23:28:30.216] [RobinLog] [info] Qt: Preheat program start
[2024-09-17 23:28:30.273] [RobinLog] [info] Qt: Preheat program end
[2024-09-17 23:58:30.248] [RobinLog] [info] Qt: Preheat program start
[2024-09-17 23:58:30.302] [RobinLog] [info] Qt: Preheat program end
[2024-09-18 00:28:30.251] [RobinLog] [info] Qt: Preheat program start
[2024-09-18 00:28:30.305] [RobinLog] [info] Qt: Preheat program end
[2024-09-18 00:58:30.252] [RobinLog] [info] Qt: Preheat program start
[2024-09-18 00:58:30.305] [RobinLog] [info] Qt: Preheat program end
[2024-09-18 01:28:30.332] [RobinLog] [info] Qt: Preheat program start
[2024-09-18 01:28:30.383] [RobinLog] [info] Qt: Preheat program end
[2024-09-18 01:58:30.339] [RobinLog] [info] Qt: Preheat program start
[2024-09-18 01:58:30.424] [RobinLog] [info] Qt: Preheat program end
[2024-09-18 02:28:30.337] [RobinLog] [info] Qt: Preheat program start
[2024-09-18 02:28:30.392] [RobinLog] [info] Qt: Preheat program end
[2024-09-18 22:50:47.548] [RobinLog] [info] Qt: Preheat program start
[2024-09-18 22:50:47.647] [RobinLog] [info] Qt: Preheat program end
[2024-09-18 23:20:47.543] [RobinLog] [info] Qt: Preheat program start
[2024-09-18 23:20:47.686] [RobinLog] [info] Qt: Preheat program end
[2024-09-18 23:50:49.898] [RobinLog] [info] Qt: Preheat program start
[2024-09-18 23:50:49.956] [RobinLog] [info] Qt: Preheat program end
[2024-09-19 00:20:49.916] [RobinLog] [info] Qt: Preheat program start
[2024-09-19 00:20:49.973] [RobinLog] [info] Qt: Preheat program end
[2024-09-19 00:50:49.926] [RobinLog] [info] Qt: Preheat program start
[2024-09-19 00:50:49.993] [RobinLog] [info] Qt: Preheat program end
[2024-09-19 01:20:49.939] [RobinLog] [info] Qt: Preheat program start
[2024-09-19 01:20:49.993] [RobinLog] [info] Qt: Preheat program end
[2024-09-19 01:50:49.930] [RobinLog] [info] Qt: Preheat program start
[2024-09-19 01:50:49.988] [RobinLog] [info] Qt: Preheat program end
[2024-09-19 02:01:55.890] [RobinLog] [info] Qt: Spend Time: 631 ms before ScreenShot: 0 ms ScreenShot: 45 ms ScreenShotWidgetInit: 364 ms UiSpyInit: 98 ms ShortCutTipsInit: 0 ms QrCodeDetectInit: 10 ms SetupScreenShotWindow: 0 ms ShowScreenShotWindow: 114 ms After ShowScreenShotWindow: 0 ms
[2024-09-19 02:20:49.949] [RobinLog] [info] Qt: Preheat program start
[2024-09-19 02:20:50.081] [RobinLog] [info] Qt: Preheat program end
[2024-09-19 02:50:49.948] [RobinLog] [info] Qt: Preheat program start
[2024-09-19 02:50:50.003] [RobinLog] [info] Qt: Preheat program end
[2024-09-19 03:20:49.949] [RobinLog] [info] Qt: Preheat program start
[2024-09-19 03:20:50.064] [RobinLog] [info] Qt: Preheat program end
[2024-09-19 03:50:49.946] [RobinLog] [info] Qt: Preheat program start
[2024-09-19 03:50:49.994] [RobinLog] [info] Qt: Preheat program end
[2024-09-19 04:20:49.972] [RobinLog] [info] Qt: Preheat program start
[2024-09-19 04:20:50.083] [RobinLog] [info] Qt: Preheat program end
[2024-09-19 04:50:49.965] [RobinLog] [info] Qt: Preheat program start
[2024-09-19 04:50:50.024] [RobinLog] [info] Qt: Preheat program end
[2024-09-19 05:20:49.982] [RobinLog] [info] Qt: Preheat program start
[2024-09-19 05:20:50.083] [RobinLog] [info] Qt: Preheat program end
[2024-09-19 05:50:49.983] [RobinLog] [info] Qt: Preheat program start
[2024-09-19 05:50:50.038] [RobinLog] [info] Qt: Preheat program end
[2024-09-19 06:20:49.992] [RobinLog] [info] Qt: Preheat program start
[2024-09-19 06:20:50.075] [RobinLog] [info] Qt: Preheat program end
[2024-09-19 06:50:49.992] [RobinLog] [info] Qt: Preheat program start
[2024-09-19 06:50:50.043] [RobinLog] [info] Qt: Preheat program end
[2024-09-19 07:20:49.997] [RobinLog] [info] Qt: Preheat program start
[2024-09-19 07:20:50.109] [RobinLog] [info] Qt: Preheat program end
[2024-09-19 07:50:49.993] [RobinLog] [info] Qt: Preheat program start
[2024-09-19 07:50:50.046] [RobinLog] [info] Qt: Preheat program end
[2024-09-19 08:20:49.998] [RobinLog] [info] Qt: Preheat program start
[2024-09-19 08:20:50.113] [RobinLog] [info] Qt: Preheat program end
[2024-09-19 08:50:49.998] [RobinLog] [info] Qt: Preheat program start
[2024-09-19 08:50:50.056] [RobinLog] [info] Qt: Preheat program end
[2024-09-19 09:20:49.992] [RobinLog] [info] Qt: Preheat program start
[2024-09-19 09:20:50.100] [RobinLog] [info] Qt: Preheat program end
[2024-09-19 09:50:49.999] [RobinLog] [info] Qt: Preheat program start
[2024-09-19 09:50:50.056] [RobinLog] [info] Qt: Preheat program end
[2024-09-19 10:20:50.002] [RobinLog] [info] Qt: Preheat program start
[2024-09-19 10:20:50.107] [RobinLog] [info] Qt: Preheat program end
[2024-09-19 10:50:50.004] [RobinLog] [info] Qt: Preheat program start
[2024-09-19 10:50:50.057] [RobinLog] [info] Qt: Preheat program end
[2024-09-19 11:20:49.995] [RobinLog] [info] Qt: Preheat program start
[2024-09-19 11:20:50.108] [RobinLog] [info] Qt: Preheat program end
[2024-09-19 11:50:49.993] [RobinLog] [info] Qt: Preheat program start
[2024-09-19 11:50:50.048] [RobinLog] [info] Qt: Preheat program end
[2024-09-19 12:20:49.998] [RobinLog] [info] Qt: Preheat program start
[2024-09-19 12:20:50.079] [RobinLog] [info] Qt: Preheat program end
[2024-09-19 12:50:49.998] [RobinLog] [info] Qt: Preheat program start
[2024-09-19 12:50:50.054] [RobinLog] [info] Qt: Preheat program end
[2024-09-19 13:20:49.994] [RobinLog] [info] Qt: Preheat program start
[2024-09-19 13:20:50.106] [RobinLog] [info] Qt: Preheat program end
[2024-09-19 13:50:49.996] [RobinLog] [info] Qt: Preheat program start
[2024-09-19 13:50:50.052] [RobinLog] [info] Qt: Preheat program end
[2024-09-19 14:20:49.998] [RobinLog] [info] Qt: Preheat program start
[2024-09-19 14:20:50.079] [RobinLog] [info] Qt: Preheat program end
[2024-09-19 14:50:50.003] [RobinLog] [info] Qt: Preheat program start
[2024-09-19 14:50:50.056] [RobinLog] [info] Qt: Preheat program end
[2024-09-19 15:20:49.996] [RobinLog] [info] Qt: Preheat program start
[2024-09-19 15:20:50.085] [RobinLog] [info] Qt: Preheat program end
[2024-09-19 15:50:49.997] [RobinLog] [info] Qt: Preheat program start
[2024-09-19 15:50:50.048] [RobinLog] [info] Qt: Preheat program end
[2024-09-19 16:20:49.994] [RobinLog] [info] Qt: Preheat program start
[2024-09-19 16:20:50.106] [RobinLog] [info] Qt: Preheat program end
[2024-09-19 21:30:13.872] [RobinLog] [info] Qt: ScreenList  PixScreenManager
"\\\\.\\DISPLAY1"(""): Primary
    Geometry: QRect(0,0 1920x1080)
    AvailableGeometry: QRect(0,0 1920x1080)
    LogicalDotsPerInch: 120
    DevicePixelRatio: 1
    PixelRatio: 1.25
[2024-09-19 21:30:30.275] [RobinLog] [info] Qt: ScreenList  PixScreenManager
"\\\\.\\DISPLAY1"(""): Primary
    Geometry: QRect(0,0 1920x1080)
    AvailableGeometry: QRect(0,0 1920x1042)
    LogicalDotsPerInch: 120
    DevicePixelRatio: 1
    PixelRatio: 1.25
[2024-09-19 21:34:14.607] [RobinLog] [info] Qt: Spend Time: 500 ms before ScreenShot: 0 ms ScreenShot: 51 ms ScreenShotWidgetInit: 291 ms UiSpyInit: 137 ms ShortCutTipsInit: 0 ms QrCodeDetectInit: 11 ms SetupScreenShotWindow: 0 ms ShowScreenShotWindow: 10 ms After ShowScreenShotWindow: 0 ms
[2024-09-19 21:59:10.575] [RobinLog] [info] Qt: Preheat program start
[2024-09-19 21:59:10.624] [RobinLog] [info] Qt: Preheat program end
[2024-09-19 22:29:10.580] [RobinLog] [info] Qt: Preheat program start
[2024-09-19 22:29:10.609] [RobinLog] [info] Qt: Preheat program end
[2024-09-19 22:59:10.582] [RobinLog] [info] Qt: Preheat program start
[2024-09-19 22:59:10.631] [RobinLog] [info] Qt: Preheat program end
[2024-09-19 23:29:10.579] [RobinLog] [info] Qt: Preheat program start
[2024-09-19 23:29:10.608] [RobinLog] [info] Qt: Preheat program end
[2024-09-19 23:59:10.570] [RobinLog] [info] Qt: Preheat program start
[2024-09-19 23:59:10.679] [RobinLog] [info] Qt: Preheat program end
[2024-09-20 00:29:10.574] [RobinLog] [info] Qt: Preheat program start
[2024-09-20 00:29:10.624] [RobinLog] [info] Qt: Preheat program end
[2024-09-20 00:59:10.578] [RobinLog] [info] Qt: Preheat program start
[2024-09-20 00:59:10.686] [RobinLog] [info] Qt: Preheat program end
[2024-09-20 01:29:10.575] [RobinLog] [info] Qt: Preheat program start
[2024-09-20 01:29:10.625] [RobinLog] [info] Qt: Preheat program end
[2024-09-20 01:59:10.575] [RobinLog] [info] Qt: Preheat program start
[2024-09-20 01:59:10.687] [RobinLog] [info] Qt: Preheat program end
[2024-09-20 02:29:10.569] [RobinLog] [info] Qt: Preheat program start
[2024-09-20 02:29:10.622] [RobinLog] [info] Qt: Preheat program end
[2024-09-20 02:59:10.577] [RobinLog] [info] Qt: Preheat program start
[2024-09-20 02:59:10.629] [RobinLog] [info] Qt: Preheat program end
[2024-09-20 03:29:10.571] [RobinLog] [info] Qt: Preheat program start
[2024-09-20 03:29:10.623] [RobinLog] [info] Qt: Preheat program end
[2024-09-20 03:59:10.573] [RobinLog] [info] Qt: Preheat program start
[2024-09-20 03:59:10.628] [RobinLog] [info] Qt: Preheat program end
[2024-09-20 04:29:10.571] [RobinLog] [info] Qt: Preheat program start
[2024-09-20 04:29:10.619] [RobinLog] [info] Qt: Preheat program end
[2024-09-20 04:59:10.579] [RobinLog] [info] Qt: Preheat program start
[2024-09-20 04:59:10.636] [RobinLog] [info] Qt: Preheat program end
[2024-09-20 05:29:10.572] [RobinLog] [info] Qt: Preheat program start
[2024-09-20 05:29:10.621] [RobinLog] [info] Qt: Preheat program end
[2024-09-20 05:59:10.577] [RobinLog] [info] Qt: Preheat program start
[2024-09-20 05:59:10.629] [RobinLog] [info] Qt: Preheat program end
[2024-09-20 06:29:10.575] [RobinLog] [info] Qt: Preheat program start
[2024-09-20 06:29:10.624] [RobinLog] [info] Qt: Preheat program end
[2024-09-20 06:59:10.575] [RobinLog] [info] Qt: Preheat program start
[2024-09-20 06:59:10.628] [RobinLog] [info] Qt: Preheat program end
[2024-09-20 07:29:10.570] [RobinLog] [info] Qt: Preheat program start
[2024-09-20 07:29:10.621] [RobinLog] [info] Qt: Preheat program end
[2024-09-20 07:59:10.586] [RobinLog] [info] Qt: Preheat program start
[2024-09-20 07:59:10.640] [RobinLog] [info] Qt: Preheat program end
[2024-09-20 08:29:10.593] [RobinLog] [info] Qt: Preheat program start
[2024-09-20 08:29:10.642] [RobinLog] [info] Qt: Preheat program end
[2024-09-20 08:59:10.597] [RobinLog] [info] Qt: Preheat program start
[2024-09-20 08:59:10.652] [RobinLog] [info] Qt: Preheat program end
[2024-09-20 09:29:10.599] [RobinLog] [info] Qt: Preheat program start
[2024-09-20 09:29:10.653] [RobinLog] [info] Qt: Preheat program end
[2024-09-20 09:59:10.587] [RobinLog] [info] Qt: Preheat program start
[2024-09-20 09:59:10.643] [RobinLog] [info] Qt: Preheat program end
[2024-09-20 10:29:10.595] [RobinLog] [info] Qt: Preheat program start
[2024-09-20 10:29:10.644] [RobinLog] [info] Qt: Preheat program end
[2024-09-20 10:59:10.587] [RobinLog] [info] Qt: Preheat program start
[2024-09-20 10:59:10.639] [RobinLog] [info] Qt: Preheat program end
[2024-09-20 11:29:10.586] [RobinLog] [info] Qt: Preheat program start
[2024-09-20 11:29:10.636] [RobinLog] [info] Qt: Preheat program end
[2024-09-20 11:59:10.587] [RobinLog] [info] Qt: Preheat program start
[2024-09-20 11:59:10.644] [RobinLog] [info] Qt: Preheat program end
[2024-09-20 12:29:10.590] [RobinLog] [info] Qt: Preheat program start
[2024-09-20 12:29:10.638] [RobinLog] [info] Qt: Preheat program end
[2024-09-20 12:59:10.599] [RobinLog] [info] Qt: Preheat program start
[2024-09-20 12:59:10.655] [RobinLog] [info] Qt: Preheat program end
[2024-09-20 13:29:10.593] [RobinLog] [info] Qt: Preheat program start
[2024-09-20 13:29:10.643] [RobinLog] [info] Qt: Preheat program end
[2024-09-21 05:09:38.494] [RobinLog] [info] Qt: Preheat program start
[2024-09-21 05:09:38.548] [RobinLog] [info] Qt: Preheat program end
[2024-09-21 05:39:40.038] [RobinLog] [info] Qt: Preheat program start
[2024-09-21 05:39:40.097] [RobinLog] [info] Qt: Preheat program end
[2024-09-21 06:09:40.031] [RobinLog] [info] Qt: Preheat program start
[2024-09-21 06:09:40.090] [RobinLog] [info] Qt: Preheat program end
[2024-09-21 06:39:40.044] [RobinLog] [info] Qt: Preheat program start
[2024-09-21 06:39:40.072] [RobinLog] [info] Qt: Preheat program end
[2024-09-21 07:09:40.037] [RobinLog] [info] Qt: Preheat program start
[2024-09-21 07:09:40.094] [RobinLog] [info] Qt: Preheat program end
[2024-09-21 14:40:23.596] [RobinLog] [info] Qt: ScreenList  PixScreenManager
"\\\\.\\DISPLAY1"(""): Primary
    Geometry: QRect(0,0 1920x1080)
    AvailableGeometry: QRect(0,0 1920x1080)
    LogicalDotsPerInch: 120
    DevicePixelRatio: 1
    PixelRatio: 1.25
[2024-09-21 14:40:27.004] [RobinLog] [info] Qt: ScreenList  PixScreenManager
"\\\\.\\DISPLAY1"(""): Primary
    Geometry: QRect(0,0 1920x1080)
    AvailableGeometry: QRect(0,0 1920x1042)
    LogicalDotsPerInch: 120
    DevicePixelRatio: 1
    PixelRatio: 1.25
[2024-09-21 14:43:03.501] [RobinLog] [info] Qt: Preheat program start
[2024-09-21 14:43:03.567] [RobinLog] [info] Qt: Preheat program end
[2024-09-21 15:13:03.530] [RobinLog] [info] Qt: Preheat program start
[2024-09-21 15:13:03.600] [RobinLog] [info] Qt: Preheat program end
[2024-09-21 15:15:59.555] [RobinLog] [info] Qt: Spend Time: 598 ms before ScreenShot: 0 ms ScreenShot: 54 ms ScreenShotWidgetInit: 431 ms UiSpyInit: 93 ms ShortCutTipsInit: 0 ms QrCodeDetectInit: 9 ms SetupScreenShotWindow: 0 ms ShowScreenShotWindow: 11 ms After ShowScreenShotWindow: 0 ms
[2024-09-21 15:43:03.512] [RobinLog] [info] Qt: Preheat program start
[2024-09-21 15:43:03.540] [RobinLog] [info] Qt: Preheat program end
[2024-09-21 16:45:44.518] [RobinLog] [info] Qt: Preheat program start
[2024-09-21 16:45:44.560] [RobinLog] [info] Qt: Preheat program end
[2024-09-21 22:04:46.506] [RobinLog] [info] Qt: Preheat program start
[2024-09-21 22:04:46.556] [RobinLog] [info] Qt: Preheat program end
[2024-09-21 22:34:46.516] [RobinLog] [info] Qt: Preheat program start
[2024-09-21 22:34:46.574] [RobinLog] [info] Qt: Preheat program end
[2024-09-21 23:23:06.514] [RobinLog] [info] Qt: Preheat program start
[2024-09-21 23:23:06.542] [RobinLog] [info] Qt: Preheat program end
[2024-09-22 00:19:58.544] [RobinLog] [info] Qt: Preheat program start
[2024-09-22 00:19:58.607] [RobinLog] [info] Qt: Preheat program end
[2024-09-22 00:49:58.554] [RobinLog] [info] Qt: Preheat program start
[2024-09-22 00:49:58.610] [RobinLog] [info] Qt: Preheat program end
[2024-09-22 01:19:58.559] [RobinLog] [info] Qt: Preheat program start
[2024-09-22 01:19:58.614] [RobinLog] [info] Qt: Preheat program end
[2024-09-22 01:49:58.572] [RobinLog] [info] Qt: Preheat program start
[2024-09-22 01:49:58.628] [RobinLog] [info] Qt: Preheat program end
[2024-09-22 04:20:38.507] [RobinLog] [info] Qt: Preheat program start
[2024-09-22 04:20:38.618] [RobinLog] [info] Qt: Preheat program end
[2024-09-22 04:22:02.109] [RobinLog] [info] Qt: Spend Time: 581 ms before ScreenShot: 0 ms ScreenShot: 113 ms ScreenShotWidgetInit: 325 ms UiSpyInit: 99 ms ShortCutTipsInit: 0 ms QrCodeDetectInit: 16 ms SetupScreenShotWindow: 0 ms ShowScreenShotWindow: 28 ms After ShowScreenShotWindow: 0 ms
[2024-09-22 04:50:38.510] [RobinLog] [info] Qt: Preheat program start
[2024-09-22 04:50:38.642] [RobinLog] [info] Qt: Preheat program end
[2024-09-22 05:20:38.501] [RobinLog] [info] Qt: Preheat program start
[2024-09-22 05:20:38.604] [RobinLog] [info] Qt: Preheat program end
[2024-09-22 12:02:11.526] [RobinLog] [info] Qt: Preheat program start
[2024-09-22 12:02:11.576] [RobinLog] [info] Qt: Preheat program end
[2024-09-22 19:26:56.511] [RobinLog] [info] Qt: Preheat program start
[2024-09-22 19:26:56.640] [RobinLog] [info] Qt: Preheat program end
[2024-09-22 21:44:31.502] [RobinLog] [info] Qt: Preheat program start
[2024-09-22 21:44:31.556] [RobinLog] [info] Qt: Preheat program end
[2024-09-23 01:03:37.525] [RobinLog] [info] Qt: Preheat program start
[2024-09-23 01:03:37.582] [RobinLog] [info] Qt: Preheat program end
[2024-09-23 01:39:27.502] [RobinLog] [info] Qt: Preheat program start
[2024-09-23 01:39:27.568] [RobinLog] [info] Qt: Preheat program end
[2024-09-23 02:09:29.520] [RobinLog] [info] Qt: Preheat program start
[2024-09-23 02:09:29.623] [RobinLog] [info] Qt: Preheat program end
[2024-09-23 02:39:29.515] [RobinLog] [info] Qt: Preheat program start
[2024-09-23 02:39:29.640] [RobinLog] [info] Qt: Preheat program end
[2024-09-23 03:09:29.510] [RobinLog] [info] Qt: Preheat program start
[2024-09-23 03:09:29.609] [RobinLog] [info] Qt: Preheat program end
[2024-09-26 01:15:09.493] [RobinLog] [info] Qt: Preheat program start
[2024-09-26 01:15:09.599] [RobinLog] [info] Qt: Preheat program end
[2024-09-26 02:14:34.492] [RobinLog] [info] Qt: Preheat program start
[2024-09-26 02:14:34.593] [RobinLog] [info] Qt: Preheat program end
[2024-09-26 02:44:34.496] [RobinLog] [info] Qt: Preheat program start
[2024-09-26 02:44:34.630] [RobinLog] [info] Qt: Preheat program end
[2024-09-26 18:11:51.494] [RobinLog] [info] Qt: Preheat program start
[2024-09-26 18:11:51.557] [RobinLog] [info] Qt: Preheat program end
[2024-09-26 18:41:51.503] [RobinLog] [info] Qt: Preheat program start
[2024-09-26 18:41:51.569] [RobinLog] [info] Qt: Preheat program end
[2024-09-26 19:21:16.498] [RobinLog] [info] Qt: Preheat program start
[2024-09-26 19:21:16.566] [RobinLog] [info] Qt: Preheat program end
[2024-09-26 19:51:16.495] [RobinLog] [info] Qt: Preheat program start
[2024-09-26 19:51:16.556] [RobinLog] [info] Qt: Preheat program end
[2024-09-26 20:21:16.499] [RobinLog] [info] Qt: Preheat program start
[2024-09-26 20:21:16.531] [RobinLog] [info] Qt: Preheat program end
[2024-09-26 20:23:17.272] [RobinLog] [info] Qt: Spend Time: 826 ms before ScreenShot: 9 ms ScreenShot: 61 ms ScreenShotWidgetInit: 212 ms UiSpyInit: 100 ms ShortCutTipsInit: 0 ms QrCodeDetectInit: 52 ms SetupScreenShotWindow: 0 ms ShowScreenShotWindow: 392 ms After ShowScreenShotWindow: 0 ms
[2024-09-26 20:29:05.377] [RobinLog] [info] Qt: Spend Time: 204 ms before ScreenShot: 1 ms ScreenShot: 37 ms ScreenShotWidgetInit: 90 ms UiSpyInit: 48 ms ShortCutTipsInit: 0 ms QrCodeDetectInit: 9 ms SetupScreenShotWindow: 0 ms ShowScreenShotWindow: 19 ms After ShowScreenShotWindow: 0 ms
[2024-09-26 20:29:33.361] [RobinLog] [info] Qt: Spend Time: 156 ms before ScreenShot: 0 ms ScreenShot: 40 ms ScreenShotWidgetInit: 72 ms UiSpyInit: 32 ms ShortCutTipsInit: 0 ms QrCodeDetectInit: 5 ms SetupScreenShotWindow: 0 ms ShowScreenShotWindow: 7 ms After ShowScreenShotWindow: 0 ms
[2024-09-26 20:29:41.577] [RobinLog] [info] Qt: Spend Time: 105 ms before ScreenShot: 0 ms ScreenShot: 35 ms ScreenShotWidgetInit: 5 ms UiSpyInit: 36 ms ShortCutTipsInit: 0 ms QrCodeDetectInit: 5 ms SetupScreenShotWindow: 0 ms ShowScreenShotWindow: 24 ms After ShowScreenShotWindow: 0 ms
[2024-09-26 21:11:52.491] [RobinLog] [info] Qt: Preheat program start
[2024-09-26 21:11:52.562] [RobinLog] [info] Qt: Preheat program end
[2024-09-26 21:41:52.496] [RobinLog] [info] Qt: Preheat program start
[2024-09-26 21:41:52.595] [RobinLog] [info] Qt: Preheat program end
[2024-09-26 22:11:52.490] [RobinLog] [info] Qt: Preheat program start
[2024-09-26 22:11:52.556] [RobinLog] [info] Qt: Preheat program end
[2024-09-26 23:50:34.623] [RobinLog] [info] Qt: Preheat program start
[2024-09-26 23:50:34.684] [RobinLog] [info] Qt: Preheat program end
[2024-09-27 00:20:34.618] [RobinLog] [info] Qt: Preheat program start
[2024-09-27 00:20:34.677] [RobinLog] [info] Qt: Preheat program end
[2024-09-27 00:50:34.618] [RobinLog] [info] Qt: Preheat program start
[2024-09-27 00:50:34.691] [RobinLog] [info] Qt: Preheat program end
[2024-09-27 01:20:34.621] [RobinLog] [info] Qt: Preheat program start
[2024-09-27 01:20:34.687] [RobinLog] [info] Qt: Preheat program end
[2024-09-27 01:50:34.622] [RobinLog] [info] Qt: Preheat program start
[2024-09-27 01:50:34.685] [RobinLog] [info] Qt: Preheat program end
[2024-09-27 22:37:27.512] [RobinLog] [info] Qt: Preheat program start
[2024-09-27 22:37:27.585] [RobinLog] [info] Qt: Preheat program end
[2024-09-27 23:07:27.515] [RobinLog] [info] Qt: Preheat program start
[2024-09-27 23:07:27.582] [RobinLog] [info] Qt: Preheat program end
[2024-09-27 23:37:27.515] [RobinLog] [info] Qt: Preheat program start
[2024-09-27 23:37:27.576] [RobinLog] [info] Qt: Preheat program end
[2024-09-28 00:07:27.512] [RobinLog] [info] Qt: Preheat program start
[2024-09-28 00:07:27.573] [RobinLog] [info] Qt: Preheat program end
[2024-09-28 00:37:27.505] [RobinLog] [info] Qt: Preheat program start
[2024-09-28 00:37:27.579] [RobinLog] [info] Qt: Preheat program end
[2024-09-28 01:58:14.506] [RobinLog] [info] Qt: Preheat program start
[2024-09-28 01:58:14.569] [RobinLog] [info] Qt: Preheat program end
[2024-09-28 02:28:14.494] [RobinLog] [info] Qt: Preheat program start
[2024-09-28 02:28:14.563] [RobinLog] [info] Qt: Preheat program end
[2024-09-28 02:58:14.504] [RobinLog] [info] Qt: Preheat program start
[2024-09-28 02:58:14.589] [RobinLog] [info] Qt: Preheat program end
[2024-09-28 14:28:33.497] [RobinLog] [info] Qt: Preheat program start
[2024-09-28 14:28:33.561] [RobinLog] [info] Qt: Preheat program end
[2024-09-28 15:13:29.490] [RobinLog] [info] Qt: Preheat program start
[2024-09-28 15:13:29.552] [RobinLog] [info] Qt: Preheat program end
[2024-09-28 15:41:02.398] [RobinLog] [info] Qt: Spend Time: 711 ms before ScreenShot: 19 ms ScreenShot: 57 ms ScreenShotWidgetInit: 435 ms UiSpyInit: 115 ms ShortCutTipsInit: 0 ms QrCodeDetectInit: 53 ms SetupScreenShotWindow: 0 ms ShowScreenShotWindow: 32 ms After ShowScreenShotWindow: 0 ms
[2024-09-28 15:43:29.494] [RobinLog] [info] Qt: Preheat program start
[2024-09-28 15:43:29.562] [RobinLog] [info] Qt: Preheat program end
[2024-09-28 16:13:29.493] [RobinLog] [info] Qt: Preheat program start
[2024-09-28 16:13:29.556] [RobinLog] [info] Qt: Preheat program end
[2024-09-28 16:39:58.536] [RobinLog] [info] Qt: Spend Time: 583 ms before ScreenShot: 15 ms ScreenShot: 86 ms ScreenShotWidgetInit: 365 ms UiSpyInit: 84 ms ShortCutTipsInit: 0 ms QrCodeDetectInit: 16 ms SetupScreenShotWindow: 0 ms ShowScreenShotWindow: 15 ms After ShowScreenShotWindow: 2 ms
[2024-09-28 16:41:16.636] [RobinLog] [info] Qt: Spend Time: 185 ms before ScreenShot: 1 ms ScreenShot: 36 ms ScreenShotWidgetInit: 80 ms UiSpyInit: 46 ms ShortCutTipsInit: 0 ms QrCodeDetectInit: 10 ms SetupScreenShotWindow: 0 ms ShowScreenShotWindow: 12 ms After ShowScreenShotWindow: 0 ms
[2024-09-28 16:41:31.070] [RobinLog] [info] Qt: Spend Time: 93 ms before ScreenShot: 0 ms ScreenShot: 44 ms ScreenShotWidgetInit: 5 ms UiSpyInit: 31 ms ShortCutTipsInit: 0 ms QrCodeDetectInit: 6 ms SetupScreenShotWindow: 0 ms ShowScreenShotWindow: 7 ms After ShowScreenShotWindow: 0 ms
[2024-09-28 16:42:36.551] [RobinLog] [info] Qt: Spend Time: 201 ms before ScreenShot: 0 ms ScreenShot: 35 ms ScreenShotWidgetInit: 74 ms UiSpyInit: 73 ms ShortCutTipsInit: 0 ms QrCodeDetectInit: 10 ms SetupScreenShotWindow: 0 ms ShowScreenShotWindow: 9 ms After ShowScreenShotWindow: 0 ms
[2024-09-28 16:43:18.303] [RobinLog] [info] Qt: Spend Time: 182 ms before ScreenShot: 0 ms ScreenShot: 42 ms ScreenShotWidgetInit: 76 ms UiSpyInit: 46 ms ShortCutTipsInit: 0 ms QrCodeDetectInit: 6 ms SetupScreenShotWindow: 0 ms ShowScreenShotWindow: 12 ms After ShowScreenShotWindow: 0 ms
[2024-09-28 16:43:29.494] [RobinLog] [info] Qt: Preheat program start
[2024-09-28 16:43:29.569] [RobinLog] [info] Qt: Preheat program end
[2024-09-28 16:43:56.185] [RobinLog] [info] Qt: Spend Time: 132 ms before ScreenShot: 1 ms ScreenShot: 42 ms ScreenShotWidgetInit: 4 ms UiSpyInit: 64 ms ShortCutTipsInit: 0 ms QrCodeDetectInit: 10 ms SetupScreenShotWindow: 0 ms ShowScreenShotWindow: 11 ms After ShowScreenShotWindow: 0 ms
[2024-09-28 16:44:15.510] [RobinLog] [info] Qt: Spend Time: 105 ms before ScreenShot: 0 ms ScreenShot: 44 ms ScreenShotWidgetInit: 5 ms UiSpyInit: 39 ms ShortCutTipsInit: 0 ms QrCodeDetectInit: 5 ms SetupScreenShotWindow: 0 ms ShowScreenShotWindow: 12 ms After ShowScreenShotWindow: 0 ms
[2024-09-28 16:45:01.842] [RobinLog] [info] Qt: Spend Time: 139 ms before ScreenShot: 0 ms ScreenShot: 67 ms ScreenShotWidgetInit: 6 ms UiSpyInit: 48 ms ShortCutTipsInit: 0 ms QrCodeDetectInit: 9 ms SetupScreenShotWindow: 0 ms ShowScreenShotWindow: 9 ms After ShowScreenShotWindow: 0 ms
[2024-09-28 17:13:29.491] [RobinLog] [info] Qt: Preheat program start
[2024-09-28 17:13:29.553] [RobinLog] [info] Qt: Preheat program end
[2024-09-28 17:43:29.491] [RobinLog] [info] Qt: Preheat program start
[2024-09-28 17:43:29.554] [RobinLog] [info] Qt: Preheat program end
[2024-09-28 18:13:29.497] [RobinLog] [info] Qt: Preheat program start
[2024-09-28 18:13:29.564] [RobinLog] [info] Qt: Preheat program end
[2024-09-28 19:23:32.502] [RobinLog] [info] Qt: Preheat program start
[2024-09-28 19:23:32.580] [RobinLog] [info] Qt: Preheat program end
[2024-09-28 19:53:32.496] [RobinLog] [info] Qt: Preheat program start
[2024-09-28 19:53:32.555] [RobinLog] [info] Qt: Preheat program end
[2024-09-28 20:23:32.499] [RobinLog] [info] Qt: Preheat program start
[2024-09-28 20:23:32.558] [RobinLog] [info] Qt: Preheat program end
[2024-09-28 20:53:32.495] [RobinLog] [info] Qt: Preheat program start
[2024-09-28 20:53:32.558] [RobinLog] [info] Qt: Preheat program end
[2024-09-28 21:23:32.494] [RobinLog] [info] Qt: Preheat program start
[2024-09-28 21:23:32.561] [RobinLog] [info] Qt: Preheat program end
[2024-09-28 21:53:32.499] [RobinLog] [info] Qt: Preheat program start
[2024-09-28 21:53:32.568] [RobinLog] [info] Qt: Preheat program end
[2024-09-28 22:23:32.494] [RobinLog] [info] Qt: Preheat program start
[2024-09-28 22:23:32.557] [RobinLog] [info] Qt: Preheat program end
[2024-09-28 22:53:32.495] [RobinLog] [info] Qt: Preheat program start
[2024-09-28 22:53:32.557] [RobinLog] [info] Qt: Preheat program end
[2024-09-28 23:23:32.500] [RobinLog] [info] Qt: Preheat program start
[2024-09-28 23:23:32.611] [RobinLog] [info] Qt: Preheat program end
[2024-09-28 23:53:32.489] [RobinLog] [info] Qt: Preheat program start
[2024-09-28 23:53:32.547] [RobinLog] [info] Qt: Preheat program end
[2024-09-29 00:23:32.503] [RobinLog] [info] Qt: Preheat program start
[2024-09-29 00:23:32.566] [RobinLog] [info] Qt: Preheat program end
[2024-09-29 00:57:08.518] [RobinLog] [info] Qt: Preheat program start
[2024-09-29 00:57:08.587] [RobinLog] [info] Qt: Preheat program end
[2024-09-29 01:27:08.724] [RobinLog] [info] Qt: Preheat program start
[2024-09-29 01:27:08.789] [RobinLog] [info] Qt: Preheat program end
[2024-09-29 14:49:49.600] [RobinLog] [info] Qt: Crashpad version: "1.8.22.0"
[2024-09-29 14:49:49.620] [RobinLog] [info] Qt: ScreenList  PixScreenManager
"\\\\.\\DISPLAY1"(""): Primary
    Geometry: QRect(0,0 1920x1080)
    AvailableGeometry: QRect(0,0 1920x1042)
    LogicalDotsPerInch: 120
    DevicePixelRatio: 1
    PixelRatio: 1.25
[2024-09-29 14:49:50.288] [RobinLog] [info] Qt: Preheat program start
[2024-09-29 14:49:50.410] [RobinLog] [info] Qt: Preheat program end
[2024-09-29 14:49:52.255] [RobinLog] [info] Qt: Spend Time: 1447 ms before ScreenShot: 1 ms ScreenShot: 39 ms ScreenShotWidgetInit: 1248 ms UiSpyInit: 55 ms ShortCutTipsInit: 0 ms QrCodeDetectInit: 92 ms SetupScreenShotWindow: 0 ms ShowScreenShotWindow: 12 ms After ShowScreenShotWindow: 0 ms
[2024-09-29 14:50:01.919] [RobinLog] [info] Qt: Spend Time: 82 ms before ScreenShot: 0 ms ScreenShot: 41 ms ScreenShotWidgetInit: 4 ms UiSpyInit: 18 ms ShortCutTipsInit: 0 ms QrCodeDetectInit: 5 ms SetupScreenShotWindow: 0 ms ShowScreenShotWindow: 14 ms After ShowScreenShotWindow: 0 ms
[2024-09-29 14:50:06.510] [RobinLog] [info] Qt: Spend Time: 61 ms before ScreenShot: 0 ms ScreenShot: 28 ms ScreenShotWidgetInit: 3 ms UiSpyInit: 19 ms ShortCutTipsInit: 0 ms QrCodeDetectInit: 5 ms SetupScreenShotWindow: 0 ms ShowScreenShotWindow: 6 ms After ShowScreenShotWindow: 0 ms
[2024-09-29 14:50:25.287] [RobinLog] [info] Qt: Spend Time: 108 ms before ScreenShot: 0 ms ScreenShot: 31 ms ScreenShotWidgetInit: 41 ms UiSpyInit: 20 ms ShortCutTipsInit: 0 ms QrCodeDetectInit: 5 ms SetupScreenShotWindow: 0 ms ShowScreenShotWindow: 11 ms After ShowScreenShotWindow: 0 ms
[2024-09-29 18:53:40.509] [RobinLog] [info] Qt: Preheat program start
[2024-09-29 18:53:40.580] [RobinLog] [info] Qt: Preheat program end
[2024-09-29 19:23:40.499] [RobinLog] [info] Qt: Preheat program start
[2024-09-29 19:23:40.549] [RobinLog] [info] Qt: Preheat program end
[2024-09-29 19:53:40.508] [RobinLog] [info] Qt: Preheat program start
[2024-09-29 19:53:40.575] [RobinLog] [info] Qt: Preheat program end
[2024-09-29 20:23:40.498] [RobinLog] [info] Qt: Preheat program start
[2024-09-29 20:23:40.558] [RobinLog] [info] Qt: Preheat program end
[2024-09-29 20:53:40.497] [RobinLog] [info] Qt: Preheat program start
[2024-09-29 20:53:40.559] [RobinLog] [info] Qt: Preheat program end
[2024-09-29 21:23:40.535] [RobinLog] [info] Qt: Preheat program start
[2024-09-29 21:23:40.601] [RobinLog] [info] Qt: Preheat program end
[2024-09-29 21:53:40.539] [RobinLog] [info] Qt: Preheat program start
[2024-09-29 21:53:40.599] [RobinLog] [info] Qt: Preheat program end
[2024-09-30 01:53:43.506] [RobinLog] [info] Qt: Preheat program start
[2024-09-30 01:53:43.568] [RobinLog] [info] Qt: Preheat program end
[2024-09-30 02:23:43.497] [RobinLog] [info] Qt: Preheat program start
[2024-09-30 02:23:43.571] [RobinLog] [info] Qt: Preheat program end
[2024-09-30 02:53:43.522] [RobinLog] [info] Qt: Preheat program start
[2024-09-30 02:53:43.623] [RobinLog] [info] Qt: Preheat program end
[2024-09-30 12:04:06.716] [RobinLog] [info] Qt: Spend Time: 1148 ms before ScreenShot: 35 ms ScreenShot: 104 ms ScreenShotWidgetInit: 697 ms UiSpyInit: 189 ms ShortCutTipsInit: 0 ms QrCodeDetectInit: 78 ms SetupScreenShotWindow: 0 ms ShowScreenShotWindow: 45 ms After ShowScreenShotWindow: 0 ms
[2024-09-30 12:08:15.507] [RobinLog] [info] Qt: Preheat program start
[2024-09-30 12:08:16.826] [RobinLog] [info] Qt: Preheat program end
[2024-09-30 12:55:11.508] [RobinLog] [info] Qt: Preheat program start
[2024-09-30 12:55:11.588] [RobinLog] [info] Qt: Preheat program end
[2024-09-30 13:25:11.497] [RobinLog] [info] Qt: Preheat program start
[2024-09-30 13:25:11.564] [RobinLog] [info] Qt: Preheat program end
[2024-09-30 13:55:11.502] [RobinLog] [info] Qt: Preheat program start
[2024-09-30 13:55:11.569] [RobinLog] [info] Qt: Preheat program end
[2024-09-30 14:25:11.523] [RobinLog] [info] Qt: Preheat program start
[2024-09-30 14:25:12.942] [RobinLog] [info] Qt: Preheat program end
[2024-09-30 14:55:11.500] [RobinLog] [info] Qt: Preheat progra[2024-10-02 22:54:30.132] [RobinLog] [info] Qt: Crashpad version: "1.8.22.0"
[2024-10-02 22:54:30.147] [RobinLog] [info] Qt: ScreenList  PixScreenManager
"\\\\.\\DISPLAY1"(""): Primary
    Geometry: QRect(0,0 1920x1080)
    AvailableGeometry: QRect(0,0 1920x1042)
    LogicalDotsPerInch: 120
    DevicePixelRatio: 1
    PixelRatio: 1.25
[2024-10-02 22:54:30.824] [RobinLog] [info] Qt: Preheat program start
[2024-10-02 22:54:30.966] [RobinLog] [info] Qt: Preheat program end
[2024-10-02 22:54:35.442] [RobinLog] [info] Qt: Spend Time: 2270 ms before ScreenShot: 0 ms ScreenShot: 59 ms ScreenShotWidgetInit: 2003 ms UiSpyInit: 106 ms ShortCutTipsInit: 0 ms QrCodeDetectInit: 91 ms SetupScreenShotWindow: 0 ms ShowScreenShotWindow: 11 ms After ShowScreenShotWindow: 0 ms
[2024-10-02 22:54:35.442] [RobinLog] [info] Qt: Spend Time: 0 ms before ScreenShot: -2270 ms ScreenShot: 59 ms ScreenShotWidgetInit: 2003 ms UiSpyInit: 106 ms ShortCutTipsInit: 0 ms QrCodeDetectInit: 91 ms SetupScreenShotWindow: 0 ms ShowScreenShotWindow: 11 ms After ShowScreenShotWindow: 0 ms
[2024-10-02 23:22:29.966] [RobinLog] [info] Qt: Preheat program start
[2024-10-02 23:22:30.016] [RobinLog] [info] Qt: Preheat program end
[2024-10-02 23:52:29.964] [RobinLog] [info] Qt: Preheat program start
[2024-10-02 23:52:30.033] [RobinLog] [info] Qt: Preheat program end
[2024-10-03 00:22:29.958] [RobinLog] [info] Qt: Preheat program start
[2024-10-03 00:22:30.008] [RobinLog] [info] Qt: Preheat program end
[2024-10-03 00:52:29.968] [RobinLog] [info] Qt: Preheat program start
[2024-10-03 00:52:29.997] [RobinLog] [info] Qt: Preheat program end
[2024-10-03 02:25:44.498] [RobinLog] [info] Qt: Preheat program start
[2024-10-03 02:25:44.564] [RobinLog] [info] Qt: Preheat program end
[2024-10-03 02:55:44.517] [RobinLog] [info] Qt: Preheat program start
[2024-10-03 02:55:44.546] [RobinLog] [info] Qt: Preheat program end
[2024-10-03 03:25:44.517] [RobinLog] [info] Qt: Preheat program start
[2024-10-03 03:25:44.609] [RobinLog] [info] Qt: Preheat program end
[2024-10-03 03:55:44.522] [RobinLog] [info] Qt: Preheat program start
[2024-10-03 03:55:44.660] [RobinLog] [info] Qt: Preheat program end
[2024-10-03 04:25:44.529] [RobinLog] [info] Qt: Preheat program start
[2024-10-03 04:25:45.957] [RobinLog] [info] Qt: Preheat program end
[2024-10-03 04:55:44.521] [RobinLog] [info] Qt: Preheat program start
[2024-10-03 04:55:44.638] [RobinLog] [info] Qt: Preheat program end
[2024-10-03 05:25:44.522] [RobinLog] [info] Qt: Preheat program start
[2024-10-03 05:25:44.654] [RobinLog] [info] Qt: Preheat program end
[2024-10-03 12:15:49.498] [RobinLog] [info] Qt: Preheat program start
[2024-10-03 12:15:50.768] [RobinLog] [info] Qt: Preheat program end
[2024-10-03 13:04:39.499] [RobinLog] [info] Qt: Preheat program start
[2024-10-03 13:04:39.610] [RobinLog] [info] Qt: Preheat program end
[2024-10-03 13:08:28.188] [RobinLog] [info] Qt: ScreenList  PixScreenManager
"\\\\.\\DISPLAY1"(""): Primary
    Geometry: QRect(0,0 1920x1080)
    AvailableGeometry: QRect(0,0 1920x1080)
    LogicalDotsPerInch: 120
    DevicePixelRatio: 1
    PixelRatio: 1.25
[2024-10-03 13:08:33.653] [RobinLog] [info] Qt: ScreenList  PixScreenManager
"\\\\.\\DISPLAY1"(""): Primary
    Geometry: QRect(0,0 1920x1080)
    AvailableGeometry: QRect(0,0 1920x1042)
    LogicalDotsPerInch: 120
    DevicePixelRatio: 1
    PixelRatio: 1.25
[2024-10-03 13:09:21.536] [RobinLog] [info] Qt: ScreenList  PixScreenManager
"\\\\.\\DISPLAY1"(""): Primary
    Geometry: QRect(0,0 1920x1080)
    AvailableGeometry: QRect(0,0 1920x1042)
    LogicalDotsPerInch: 120
    DevicePixelRatio: 1
    PixelRatio: 1.25
[2024-10-03 13:09:30.707] [RobinLog] [info] Qt: ScreenList  PixScreenManager
"\\\\.\\DISPLAY1"(""): Primary
    Geometry: QRect(0,0 1920x1080)
    AvailableGeometry: QRect(0,0 1920x1042)
    LogicalDotsPerInch: 120
    DevicePixelRatio: 1
    PixelRatio: 1.25
[2024-10-03 13:09:37.558] [RobinLog] [info] Qt: ScreenList  PixScreenManager
"\\\\.\\DISPLAY1"(""): Primary
    Geometry: QRect(0,0 1920x1080)
    AvailableGeometry: QRect(0,0 1920x1042)
    LogicalDotsPerInch: 120
    DevicePixelRatio: 1
    PixelRatio: 1.25
[2024-10-03 13:09:42.253] [RobinLog] [info] Qt: ScreenList  PixScreenManager
"\\\\.\\DISPLAY1"(""): Primary
    Geometry: QRect(0,0 1920x1080)
    AvailableGeometry: QRect(0,0 1920x1042)
    LogicalDotsPerInch: 120
    DevicePixelRatio: 1
    PixelRatio: 1.25
[2024-10-03 13:09:48.433] [RobinLog] [info] Qt: ScreenList  PixScreenManager
"\\\\.\\DISPLAY1"(""): Primary
    Geometry: QRect(0,0 1920x1080)
    AvailableGeometry: QRect(0,0 1920x1042)
    LogicalDotsPerInch: 120
    DevicePixelRatio: 1
    PixelRatio: 1.25
[2024-10-03 13:09:55.005] [RobinLog] [info] Qt: ScreenList  PixScreenManager
"\\\\.\\DISPLAY1"(""): Primary
    Geometry: QRect(0,0 1920x1080)
    AvailableGeometry: QRect(0,0 1920x1042)
    LogicalDotsPerInch: 120
    DevicePixelRatio: 1
    PixelRatio: 1.25
[2024-10-03 13:10:02.052] [RobinLog] [info] Qt: ScreenList  PixScreenManager
"\\\\.\\DISPLAY1"(""): Primary
    Geometry: QRect(0,0 1920x1080)
    AvailableGeometry: QRect(0,0 1920x1042)
    LogicalDotsPerInch: 120
    DevicePixelRatio: 1
    PixelRatio: 1.25
[2024-10-03 13:10:08.850] [RobinLog] [info] Qt: ScreenList  PixScreenManager
"\\\\.\\DISPLAY1"(""): Primary
    Geometry: QRect(0,0 1920x1080)
    AvailableGeometry: QRect(0,0 1920x1042)
    LogicalDotsPerInch: 120
    DevicePixelRatio: 1
    PixelRatio: 1.25
[2024-10-03 13:10:10.128] [RobinLog] [info] Qt: ScreenList  PixScreenManager
"\\\\.\\DISPLAY1"(""): Primary
    Geometry: QRect(0,0 1920x1080)
    AvailableGeometry: QRect(0,0 1920x1042)
    LogicalDotsPerInch: 120
    DevicePixelRatio: 1
    PixelRatio: 1.25
[2024-10-03 13:10:16.589] [RobinLog] [info] Qt: ScreenList  PixScreenManager
"\\\\.\\DISPLAY1"(""): Primary
    Geometry: QRect(0,0 1920x1080)
    AvailableGeometry: QRect(0,0 1920x1042)
    LogicalDotsPerInch: 120
    DevicePixelRatio: 1
    PixelRatio: 1.25
[2024-10-03 13:34:39.508] [RobinLog] [info] Qt: Preheat program start
[2024-10-03 13:34:41.407] [RobinLog] [info] Qt: Preheat program end
[2024-10-03 14:15:31.516] [RobinLog] [info] Qt: Preheat program start
[2024-10-03 14:15:31.634] [RobinLog] [info] Qt: Preheat program end
[2024-10-03 14:45:31.514] [RobinLog] [info] Qt: Preheat program start
[2024-10-03 14:45:31.570] [RobinLog] [info] Qt: Preheat program end
[2024-10-03 15:15:31.508] [RobinLog] [info] Qt: Preheat program start
[2024-10-03 15:15:31.763] [RobinLog] [info] Qt: Preheat program end
[2024-10-03 15:40:05.924] [RobinLog] [info] Qt: Spend Time: 1158 ms before ScreenShot: 28 ms ScreenShot: 70 ms ScreenShotWidgetInit: 436 ms UiSpyInit: 235 ms ShortCutTipsInit: 0 ms QrCodeDetectInit: 70 ms SetupScreenShotWindow: 0 ms ShowScreenShotWindow: 319 ms After ShowScreenShotWindow: 0 ms
[2024-10-03 15:45:31.511] [RobinLog] [info] Qt: Preheat program start
[2024-10-03 15:45:31.580] [RobinLog] [info] Qt: Preheat program end
[2024-10-03 16:57:20.945] [RobinLog] [info] Qt: Preheat program start
[2024-10-03 16:57:21.048] [RobinLog] [info] Qt: Preheat program end
[2024-10-03 17:27:20.976] [RobinLog] [info] Qt: Preheat program start
[2024-10-03 17:27:21.145] [RobinLog] [info] Qt: Preheat program end
[2024-10-03 17:57:20.942] [RobinLog] [info] Qt: Preheat program start
[2024-10-03 17:57:21.053] [RobinLog] [info] Qt: Preheat program end
[2024-10-03 18:27:20.991] [RobinLog] [info] Qt: Preheat program start
[2024-10-03 18:27:21.100] [RobinLog] [info] Qt: Preheat program end
[2024-10-03 18:57:20.963] [RobinLog] [info] Qt: Preheat program start
[2024-10-03 18:57:21.015] [RobinLog] [info] Qt: Preheat program end
[2024-10-03 19:27:20.963] [RobinLog] [info] Qt: Preheat program start
[2024-10-03 19:27:21.402] [RobinLog] [info] Qt: Preheat program end
[2024-10-03 19:57:20.955] [RobinLog] [info] Qt: Preheat program start
[2024-10-03 19:57:21.050] [RobinLog] [info] Qt: Preheat program end
[2024-10-03 20:27:20.980] [RobinLog] [info] Qt: Preheat program start
[2024-10-03 20:27:21.072] [RobinLog] [info] Qt: Preheat program end
[2024-10-03 20:59:24.514] [RobinLog] [info] Qt: Preheat program start
[2024-10-03 20:59:24.663] [RobinLog] [info] Qt: Preheat program end
[2024-10-03 21:43:25.398] [RobinLog] [info] Qt: ScreenList  PixScreenManager
"\\\\.\\DISPLAY1"(""): Primary
    Geometry: QRect(0,0 1920x1080)
    AvailableGeometry: QRect(0,0 1920x1080)
    LogicalDotsPerInch: 120
    DevicePixelRatio: 1
    PixelRatio: 1.25
[2024-10-03 21:43:35.409] [RobinLog] [info] Qt: ScreenList  PixScreenManager
"\\\\.\\DISPLAY1"(""): Primary
    Geometry: QRect(0,0 1920x1080)
    AvailableGeometry: QRect(0,0 1920x1042)
    LogicalDotsPerInch: 120
    DevicePixelRatio: 1
    PixelRatio: 1.25
[2024-10-03 21:55:22.515] [RobinLog] [info] Qt: Preheat program start
[2024-10-03 21:55:22.598] [RobinLog] [info] Qt: Preheat program end
[2024-10-03 23:32:34.501] [RobinLog] [info] Qt: Preheat program start
[2024-10-03 23:32:34.632] [RobinLog] [info] Qt: Preheat program end
[2024-10-04 00:02:34.517] [RobinLog] [info] Qt: Preheat program start
[2024-10-04 00:02:34.585] [RobinLog] [info] Qt: Preheat program end
[2024-10-04 00:36:37.503] [RobinLog] [info] Qt: Preheat program start
[2024-10-04 00:36:37.570] [RobinLog] [info] Qt: Preheat program end
[2024-10-04 16:05:16.511] [RobinLog] [info] Qt: Preheat program start
[2024-10-04 16:05:18.315] [RobinLog] [info] Qt: Preheat program end
[2024-10-04 16:35:16.524] [RobinLog] [info] Qt: Preheat program start
[2024-10-04 16:35:16.640] [RobinLog] [info] Qt: Preheat program end
[2024-10-04 17:05:16.528] [RobinLog] [info] Qt: Preheat program start
[2024-10-04 17:05:16.658] [RobinLog] [info] Qt: Preheat program end
[2024-10-04 18:18:32.515] [RobinLog] [info] Qt: Preheat program start
[2024-10-04 18:18:32.622] [RobinLog] [info] Qt: Preheat program end
[2024-10-04 18:48:32.515] [RobinLog] [info] Qt: Preheat program start
[2024-10-04 18:48:32.637] [RobinLog] [info] Qt: Preheat program end
[2024-10-04 19:18:33.501] [RobinLog] [info] Qt: Preheat program start
[2024-10-04 19:18:33.629] [RobinLog] [info] Qt: Preheat program end
[2024-10-04 19:48:33.526] [RobinLog] [info] Qt: Preheat program start
[2024-10-04 19:48:33.657] [RobinLog] [info] Qt: Preheat program end
[2024-10-04 20:18:33.526] [RobinLog] [info] Qt: Preheat program start
[2024-10-04 20:18:33.635] [RobinLog] [info] Qt: Preheat program end
[2024-10-04 20:48:33.550] [RobinLog] [info] Qt: Preheat program start
[2024-10-04 20:48:35.086] [RobinLog] [info] Qt: Preheat program end
[2024-10-04 21:18:33.564] [RobinLog] [info] Qt: Preheat program start
[2024-10-04 21:18:33.635] [RobinLog] [info] Qt: Preheat program end
[2024-10-04 21:55:24.862] [RobinLog] [info] Qt: ScreenList  PixScreenManager
"\\\\.\\DISPLAY1"(""): Primary
    Geometry: QRect(0,0 1920x1080)
    AvailableGeometry: QRect(0,0 1920x1080)
    LogicalDotsPerInch: 120
    DevicePixelRatio: 1
    PixelRatio: 1.25
[2024-10-04 21:55:32.121] [RobinLog] [info] Qt: ScreenList  PixScreenManager
"\\\\.\\DISPLAY1"(""): Primary
    Geometry: QRect(0,0 1920x1080)
    AvailableGeometry: QRect(0,0 1920x1042)
    LogicalDotsPerInch: 120
    DevicePixelRatio: 1
    PixelRatio: 1.25
[2024-10-04 21:56:06.511] [RobinLog] [info] Qt: Preheat program start
[2024-10-04 21:56:06.608] [RobinLog] [info] Qt: Preheat program end
[2024-10-04 22:26:06.525] [RobinLog] [info] Qt: Preheat program start
[2024-10-04 22:26:06.593] [RobinLog] [info] Qt: Preheat program end
[2024-10-04 22:56:06.524] [RobinLog] [info] Qt: Preheat program start
[2024-10-04 22:56:06.591] [RobinLog] [info] Qt: Preheat program end
[2024-10-04 23:40:13.501] [RobinLog] [info] Qt: Preheat program start
[2024-10-04 23:40:13.574] [RobinLog] [info] Qt: Preheat program end
[2024-10-05 00:08:28.466] [RobinLog] [info] Qt: ScreenList  PixScreenManager
"\\\\.\\DISPLAY1"(""): Primary
    Geometry: QRect(0,0 1920x1080)
    AvailableGeometry: QRect(0,0 1920x1080)
    LogicalDotsPerInch: 120
    DevicePixelRatio: 1
    PixelRatio: 1.25
[2024-10-05 00:08:35.813] [RobinLog] [info] Qt: ScreenList  PixScreenManager
"\\\\.\\DISPLAY1"(""): Primary
    Geometry: QRect(0,0 1920x1080)
    AvailableGeometry: QRect(0,0 1920x1042)
    LogicalDotsPerInch: 120
    DevicePixelRatio: 1
    PixelRatio: 1.25
[2024-10-05 01:00:13.502] [RobinLog] [info] Qt: Preheat program start
[2024-10-05 01:00:13.576] [RobinLog] [info] Qt: Preheat program end
[2024-10-05 01:30:13.499] [RobinLog] [info] Qt: Preheat program start
[2024-10-05 01:30:13.567] [RobinLog] [info] Qt: Preheat program end
[2024-10-05 01:37:12.614] [RobinLog] [info] Qt: Spend Time: 984 ms before ScreenShot: 29 ms ScreenShot: 59 ms ScreenShotWidgetInit: 543 ms UiSpyInit: 245 ms ShortCutTipsInit: 0 ms QrCodeDetectInit: 71 ms SetupScreenShotWindow: 0 ms ShowScreenShotWindow: 36 ms After ShowScreenShotWindow: 1 ms
[2024-10-05 01:39:20.705] [RobinLog] [info] Qt: Spend Time: 300 ms before ScreenShot: 0 ms ScreenShot: 57 ms ScreenShotWidgetInit: 172 ms UiSpyInit: 50 ms ShortCutTipsInit: 0 ms QrCodeDetectInit: 9 ms SetupScreenShotWindow: 0 ms ShowScreenShotWindow: 12 ms After ShowScreenShotWindow: 0 ms
[2024-10-05 01:43:19.828] [RobinLog] [info] Qt: Spend Time: 215 ms before ScreenShot: 0 ms ScreenShot: 36 ms ScreenShotWidgetInit: 101 ms UiSpyInit: 58 ms ShortCutTipsInit: 0 ms QrCodeDetectInit: 9 ms SetupScreenShotWindow: 0 ms ShowScreenShotWindow: 11 ms After ShowScreenShotWindow: 0 ms
[2024-10-05 01:43:32.297] [RobinLog] [info] Qt: Spend Time: 111 ms before ScreenShot: 0 ms ScreenShot: 45 ms ScreenShotWidgetInit: 5 ms UiSpyInit: 45 ms ShortCutTipsInit: 0 ms QrCodeDetectInit: 5 ms SetupScreenShotWindow: 0 ms ShowScreenShotWindow: 11 ms After ShowScreenShotWindow: 0 ms
[2024-10-05 01:43:41.944] [RobinLog] [info] Qt: Spend Time: 101 ms before ScreenShot: 0 ms ScreenShot: 39 ms ScreenShotWidgetInit: 5 ms UiSpyInit: 42 ms ShortCutTipsInit: 0 ms QrCodeDetectInit: 5 ms SetupScreenShotWindow: 0 ms ShowScreenShotWindow: 10 ms After ShowScreenShotWindow: 0 ms
[2024-10-05 01:43:56.521] [RobinLog] [info] Qt: Spend Time: 103 ms before ScreenShot: 0 ms ScreenShot: 47 ms ScreenShotWidgetInit: 2 ms UiSpyInit: 41 ms ShortCutTipsInit: 0 ms QrCodeDetectInit: 5 ms SetupScreenShotWindow: 0 ms ShowScreenShotWindow: 8 ms After ShowScreenShotWindow: 0 ms
[2024-10-05 01:44:12.977] [RobinLog] [info] Qt: Spend Time: 104 ms before ScreenShot: 0 ms ScreenShot: 40 ms ScreenShotWidgetInit: 3 ms UiSpyInit: 43 ms ShortCutTipsInit: 0 ms QrCodeDetectInit: 5 ms SetupScreenShotWindow: 0 ms ShowScreenShotWindow: 13 ms After ShowScreenShotWindow: 0 ms
[2024-10-05 01:44:48.188] [RobinLog] [info] Qt: Spend Time: 99 ms before ScreenShot: 0 ms ScreenShot: 38 ms ScreenShotWidgetInit: 3 ms UiSpyInit: 41 ms ShortCutTipsInit: 0 ms QrCodeDetectInit: 4 ms SetupScreenShotWindow: 0 ms ShowScreenShotWindow: 13 ms After ShowScreenShotWindow: 0 ms
[2024-10-05 02:00:17.926] [RobinLog] [info] Qt: Spend Time: 280 ms before ScreenShot: 0 ms ScreenShot: 48 ms ScreenShotWidgetInit: 145 ms UiSpyInit: 64 ms ShortCutTipsInit: 0 ms QrCodeDetectInit: 11 ms SetupScreenShotWindow: 0 ms ShowScreenShotWindow: 12 ms After ShowScreenShotWindow: 0 ms
[2024-10-05 02:03:42.502] [RobinLog] [info] Qt: Preheat program start
[2024-10-05 02:03:42.571] [RobinLog] [info] Qt: Preheat program end
[2024-10-06 02:51:47.633] [RobinLog] [info] Qt: Preheat program start
[2024-10-06 02:51:47.700] [RobinLog] [info] Qt: Preheat program end
[2024-10-06 03:21:47.629] [RobinLog] [info] Qt: Preheat program start
[2024-10-06 03:21:47.703] [RobinLog] [info] Qt: Preheat program end
[2024-10-06 12:09:15.517] [RobinLog] [info] Qt: Preheat program start
[2024-10-06 12:09:15.595] [RobinLog] [info] Qt: Preheat program end
[2024-10-06 12:43:44.509] [RobinLog] [info] Qt: Preheat program start
[2024-10-06 12:43:44.580] [RobinLog] [info] Qt: Preheat program end
[2024-10-06 13:13:44.522] [RobinLog] [info] Qt: Preheat program start
[2024-10-06 13:13:44.588] [RobinLog] [info] Qt: Preheat program end
[2024-10-06 13:49:18.514] [RobinLog] [info] Qt: Preheat program start
[2024-10-06 13:49:18.553] [RobinLog] [info] Qt: Preheat program end
[2024-10-06 14:48:38.507] [RobinLog] [info] Qt: Preheat program start
[2024-10-06 14:48:38.576] [RobinLog] [info] Qt: Preheat program end
[2024-10-06 18:47:44.518] [RobinLog] [info] Qt: Preheat program start
[2024-10-06 18:47:44.588] [RobinLog] [info] Qt: Preheat program end
[2024-10-06 19:17:44.528] [RobinLog] [info] Qt: Preheat program start
[2024-10-06 19:17:44.561] [RobinLog] [info] Qt: Preheat program end
[2024-10-06 19:47:44.540] [RobinLog] [info] Qt: Preheat program start
[2024-10-06 19:47:44.609] [RobinLog] [info] Qt: Preheat program end
[2024-10-07 22:27:45.502] [RobinLog] [info] Qt: Preheat program start
[2024-10-07 22:27:45.646] [RobinLog] [info] Qt: Preheat program end
[2024-10-07 22:57:45.520] [RobinLog] [info] Qt: Preheat program start
[2024-10-07 22:57:45.633] [RobinLog] [info] Qt: Preheat program end
[2024-10-07 23:27:45.522] [RobinLog] [info] Qt: Preheat program start
[2024-10-07 23:27:45.627] [RobinLog] [info] Qt: Preheat program end
[2024-10-07 23:57:45.518] [RobinLog] [info] Qt: Preheat program start
[2024-10-07 23:57:45.622] [RobinLog] [info] Qt: Preheat program end
[2024-10-08 17:15:33.530] [RobinLog] [info] Qt: Preheat program start
[2024-10-08 17:15:33.626] [RobinLog] [info] Qt: Preheat program end
[2024-10-08 18:02:27.505] [RobinLog] [info] Qt: Preheat program start
[2024-10-08 18:02:27.635] [RobinLog] [info] Qt: Preheat program end
[2024-10-08 20:59:52.516] [RobinLog] [info] Qt: Preheat program start
[2024-10-08 20:59:52.594] [RobinLog] [info] Qt: Preheat program end
[2024-10-08 22:32:43.490] [RobinLog] [info] Qt: Preheat program start
[2024-10-08 22:32:43.569] [RobinLog] [info] Qt: Preheat program end
[2024-10-08 23:02:43.494] [RobinLog] [info] Qt: Preheat program start
[2024-10-08 23:02:43.566] [RobinLog] [info] Qt: Preheat program end
[2024-10-08 23:32:43.505] [RobinLog] [info] Qt: Preheat program start
[2024-10-08 23:32:43.607] [RobinLog] [info] Qt: Preheat program end
[2024-10-09 00:02:43.507] [RobinLog] [info] Qt: Preheat program start
[2024-10-09 00:02:43.638] [RobinLog] [info] Qt: Preheat program end
[2024-10-09 00:32:43.553] [RobinLog] [info] Qt: Preheat program start
[2024-10-09 00:32:43.659] [RobinLog] [info] Qt: Preheat program end
[2024-10-09 01:02:43.553] [RobinLog] [info] Qt: Preheat program start
[2024-10-09 01:02:43.642] [RobinLog] [info] Qt: Preheat program end
[2024-10-09 02:00:03.511] [RobinLog] [info] Qt: Preheat program start
[2024-10-09 02:00:03.582] [RobinLog] [info] Qt: Preheat program end
[2024-10-09 10:21:25.660] [RobinLog] [info] Qt: Spend Time: 1031 ms before ScreenShot: 37 ms ScreenShot: 113 ms ScreenShotWidgetInit: 503 ms UiSpyInit: 260 ms ShortCutTipsInit: 0 ms QrCodeDetectInit: 89 ms SetupScreenShotWindow: 0 ms ShowScreenShotWindow: 29 ms After ShowScreenShotWindow: 0 ms
[2024-10-09 10:42:07.391] [RobinLog] [info] Qt: Spend Time: 951 ms before ScreenShot: 28 ms ScreenShot: 112 ms ScreenShotWidgetInit: 231 ms UiSpyInit: 120 ms ShortCutTipsInit: 0 ms QrCodeDetectInit: 14 ms SetupScreenShotWindow: 0 ms ShowScreenShotWindow: 445 ms After ShowScreenShotWindow: 0 ms
[2024-10-09 10:42:22.472] [RobinLog] [info] Qt: Spend Time: 204 ms before ScreenShot: 0 ms ScreenShot: 57 ms ScreenShotWidgetInit: 14 ms UiSpyInit: 98 ms ShortCutTipsInit: 0 ms QrCodeDetectInit: 8 ms SetupScreenShotWindow: 0 ms ShowScreenShotWindow: 27 ms After ShowScreenShotWindow: 0 ms
[2024-10-09 10:42:38.053] [RobinLog] [info] Qt: Spend Time: 261 ms before ScreenShot: 0 ms ScreenShot: 82 ms ScreenShotWidgetInit: 31 ms UiSpyInit: 104 ms ShortCutTipsInit: 0 ms QrCodeDetectInit: 11 ms SetupScreenShotWindow: 0 ms ShowScreenShotWindow: 33 ms After ShowScreenShotWindow: 0 ms
[2024-10-09 10:46:18.494] [RobinLog] [info] Qt: Preheat program start
[2024-10-09 10:46:18.609] [RobinLog] [info] Qt: Preheat program end
[2024-10-09 11:31:48.492] [RobinLog] [info] Qt: Preheat program start
[2024-10-09 11:31:48.599] [RobinLog] [info] Qt: Preheat program end
[2024-10-09 22:16:53.512] [RobinLog] [info] Qt: Preheat program start
[2024-10-09 22:16:53.596] [RobinLog] [info] Qt: Preheat program end
[2024-10-09 22:46:53.505] [RobinLog] [info] Qt: Preheat program start
[2024-10-09 22:46:53.570] [RobinLog] [info] Qt: Preheat program end
[2024-10-09 22:57:50.917] [RobinLog] [info] Qt: ScreenList  PixScreenManager
"\\\\.\\DISPLAY1"(""): Primary
    Geometry: QRect(0,0 1920x1080)
    AvailableGeometry: QRect(0,0 1920x1080)
    LogicalDotsPerInch: 120
    DevicePixelRatio: 1
    PixelRatio: 1.25
[2024-10-09 22:58:00.764] [RobinLog] [info] Qt: ScreenList  PixScreenManager
"\\\\.\\DISPLAY1"(""): Primary
    Geometry: QRect(0,0 1920x1080)
    AvailableGeometry: QRect(0,0 1920x1042)
    LogicalDotsPerInch: 120
    DevicePixelRatio: 1
    PixelRatio: 1.25
[2024-10-09 23:57:08.851] [RobinLog] [info] Qt: Preheat program start
[2024-10-09 23:57:08.976] [RobinLog] [info] Qt: Preheat program end
[2024-10-10 00:04:55.565] [RobinLog] [info] Qt: Spend Time: 807 ms before ScreenShot: 24 ms ScreenShot: 50 ms ScreenShotWidgetInit: 403 ms UiSpyInit: 238 ms ShortCutTipsInit: 0 ms QrCodeDetectInit: 71 ms SetupScreenShotWindow: 0 ms ShowScreenShotWindow: 21 ms After ShowScreenShotWindow: 0 ms
[2024-10-10 00:05:20.480] [RobinLog] [info] Qt: Spend Time: 132 ms before ScreenShot: 0 ms ScreenShot: 45 ms ScreenShotWidgetInit: 5 ms UiSpyInit: 63 ms ShortCutTipsInit: 0 ms QrCodeDetectInit: 5 ms SetupScreenShotWindow: 0 ms ShowScreenShotWindow: 14 ms After ShowScreenShotWindow: 0 ms
[2024-10-10 00:07:24.606] [RobinLog] [info] Qt: Spend Time: 253 ms before ScreenShot: 0 ms ScreenShot: 35 ms ScreenShotWidgetInit: 81 ms UiSpyInit: 98 ms ShortCutTipsInit: 0 ms QrCodeDetectInit: 10 ms SetupScreenShotWindow: 0 ms ShowScreenShotWindow: 29 ms After ShowScreenShotWindow: 0 ms
[2024-10-10 00:27:08.504] [RobinLog] [info] Qt: Preheat program start
[2024-10-10 00:27:08.586] [RobinLog] [info] Qt: Preheat program end
[2024-10-10 00:57:08.492] [RobinLog] [info] Qt: Preheat program start
[2024-10-10 00:57:08.559] [RobinLog] [info] Qt: Preheat program end
[2024-10-10 01:27:08.495] [RobinLog] [info] Qt: Preheat program start
[2024-10-10 01:27:08.529] [RobinLog] [info] Qt: Preheat program end
[2024-10-10 01:43:59.734] [RobinLog] [info] Qt: ScreenList  PixScreenManager
"\\\\.\\DISPLAY1"(""): Primary
    Geometry: QRect(0,0 1920x1080)
    AvailableGeometry: QRect(0,0 1920x1080)
    LogicalDotsPerInch: 120
    DevicePixelRatio: 1
    PixelRatio: 1.25
[2024-10-10 01:44:03.429] [RobinLog] [info] Qt: ScreenList  PixScreenManager
"\\\\.\\DISPLAY1"(""): Primary
    Geometry: QRect(0,0 1920x1080)
    AvailableGeometry: QRect(0,0 1920x1042)
    LogicalDotsPerInch: 120
    DevicePixelRatio: 1
    PixelRatio: 1.25
[2024-10-10 09:28:56.958] [RobinLog] [info] Qt: Spend Time: 686 ms before ScreenShot: 1 ms ScreenShot: 83 ms ScreenShotWidgetInit: 323 ms UiSpyInit: 220 ms ShortCutTipsInit: 0 ms QrCodeDetectInit: 17 ms SetupScreenShotWindow: 0 ms ShowScreenShotWindow: 42 ms After ShowScreenShotWindow: 0 ms
[2024-10-10 11:57:39.490] [RobinLog] [info] Qt: Preheat program start
[2024-10-10 11:57:39.620] [RobinLog] [info] Qt: Preheat program end
[2024-10-10 12:30:24.541] [RobinLog] [info] Qt: Preheat program start
[2024-10-10 12:30:24.646] [RobinLog] [info] Qt: Preheat program end
[2024-10-10 17:22:15.725] [RobinLog] [info] Qt: Spend Time: 865 ms before ScreenShot: 35 ms ScreenShot: 63 ms ScreenShotWidgetInit: 455 ms UiSpyInit: 235 ms ShortCutTipsInit: 0 ms QrCodeDetectInit: 42 ms SetupScreenShotWindow: 0 ms ShowScreenShotWindow: 35 ms After ShowScreenShotWindow: 0 ms
[2024-10-10 17:23:33.499] [RobinLog] [info] Qt: Preheat program start
[2024-10-10 17:23:33.625] [RobinLog] [info] Qt: Preheat program end
[2024-10-10 19:01:55.585] [RobinLog] [info] Qt: Spend Time: 597 ms before ScreenShot: 1 ms ScreenShot: 73 ms ScreenShotWidgetInit: 284 ms UiSpyInit: 187 ms ShortCutTipsInit: 0 ms QrCodeDetectInit: 15 ms SetupScreenShotWindow: 0 ms ShowScreenShotWindow: 37 ms After ShowScreenShotWindow: 0 ms
[2024-10-10 19:04:46.512] [RobinLog] [info] Qt: Preheat program start
[2024-10-10 19:04:46.607] [RobinLog] [info] Qt: Preheat program end
[2024-10-10 19:07:54.735] [RobinLog] [info] Qt: Spend Time: 342 ms before ScreenShot: 0 ms ScreenShot: 44 ms ScreenShotWidgetInit: 133 ms UiSpyInit: 122 ms ShortCutTipsI[2024-10-12 12:19:02.794] [RobinLog] [info] Qt: Crashpad version: "1.8.22.0"
[2024-10-12 12:19:02.805] [RobinLog] [info] Qt: ScreenList  PixScreenManager
"\\\\.\\DISPLAY1"(""): Primary
    Geometry: QRect(0,0 1920x1080)
    AvailableGeometry: QRect(0,0 1920x1042)
    LogicalDotsPerInch: 120
    DevicePixelRatio: 1
    PixelRatio: 1.25
[2024-10-12 12:19:03.059] [RobinLog] [info] Qt: Preheat program start
[2024-10-12 12:19:03.137] [RobinLog] [info] Qt: Preheat program end
[2024-10-12 12:19:08.335] [RobinLog] [info] Qt: Spend Time: 2315 ms before ScreenShot: 0 ms ScreenShot: 59 ms ScreenShotWidgetInit: 1972 ms UiSpyInit: 170 ms ShortCutTipsInit: 0 ms QrCodeDetectInit: 104 ms SetupScreenShotWindow: 0 ms ShowScreenShotWindow: 10 ms After ShowScreenShotWindow: 0 ms
[2024-10-12 12:31:59.533] [RobinLog] [info] Qt: Spend Time: 437 ms before ScreenShot: 0 ms ScreenShot: 78 ms ScreenShotWidgetInit: 240 ms UiSpyInit: 95 ms ShortCutTipsInit: 0 ms QrCodeDetectInit: 13 ms SetupScreenShotWindow: 0 ms ShowScreenShotWindow: 11 ms After ShowScreenShotWindow: 0 ms
[2024-10-12 12:47:02.671] [RobinLog] [info] Qt: Preheat program start
[2024-10-12 12:47:02.733] [RobinLog] [info] Qt: Preheat program end
[2024-10-12 13:17:02.671] [RobinLog] [info] Qt: Preheat program start
[2024-10-12 13:17:02.790] [RobinLog] [info] Qt: Preheat program end
[2024-10-12 13:47:02.681] [RobinLog] [info] Qt: Preheat program start
[2024-10-12 13:47:02.813] [RobinLog] [info] Qt: Preheat program end
[2024-10-12 14:32:33.524] [RobinLog] [info] Qt: Preheat program start
[2024-10-12 14:32:33.638] [RobinLog] [info] Qt: Preheat program end
[2024-10-12 15:16:39.501] [RobinLog] [info] Qt: Preheat program start
[2024-10-12 15:16:39.606] [RobinLog] [info] Qt: Preheat program end
[2024-10-12 15:35:19.436] [RobinLog] [info] Qt: ScreenList  PixScreenManager
"\\\\.\\DISPLAY1"(""): Primary
    Geometry: QRect(0,0 1920x1080)
    AvailableGeometry: QRect(0,0 1920x1080)
    LogicalDotsPerInch: 120
    DevicePixelRatio: 1
    PixelRatio: 1.25
[2024-10-12 15:35:21.854] [RobinLog] [info] Qt: ScreenList  PixScreenManager
"\\\\.\\DISPLAY1"(""): Primary
    Geometry: QRect(0,0 1920x1080)
    AvailableGeometry: QRect(0,0 1920x1042)
    LogicalDotsPerInch: 120
    DevicePixelRatio: 1
    PixelRatio: 1.25
[2024-10-12 16:32:03.507] [RobinLog] [info] Qt: Preheat program start
[2024-10-12 16:32:03.576] [RobinLog] [info] Qt: Preheat program end
[2024-10-12 19:07:03.538] [RobinLog] [info] Qt: Preheat program start
[2024-10-12 19:07:03.666] [RobinLog] [info] Qt: Preheat program end
[2024-10-12 19:37:03.529] [RobinLog] [info] Qt: Preheat program start
[2024-10-12 19:37:03.625] [RobinLog] [info] Qt: Preheat program end
[2024-10-12 20:07:03.520] [RobinLog] [info] Qt: Preheat program start
[2024-10-12 20:07:03.648] [RobinLog] [info] Qt: Preheat program end
[2024-10-12 21:00:23.511] [RobinLog] [info] Qt: Preheat program start
[2024-10-12 21:00:23.612] [RobinLog] [info] Qt: Preheat program end
[2024-10-12 21:28:53.751] [RobinLog] [info] Qt: Spend Time: 744 ms before ScreenShot: 23 ms ScreenShot: 59 ms ScreenShotWidgetInit: 356 ms UiSpyInit: 201 ms ShortCutTipsInit: 0 ms QrCodeDetectInit: 90 ms SetupScreenShotWindow: 0 ms ShowScreenShotWindow: 14 ms After ShowScreenShotWindow: 1 ms
[2024-10-12 21:29:42.502] [RobinLog] [info] Qt: Spend Time: 189 ms before ScreenShot: 0 ms ScreenShot: 41 ms ScreenShotWidgetInit: 75 ms UiSpyInit: 56 ms ShortCutTipsInit: 0 ms QrCodeDetectInit: 6 ms SetupScreenShotWindow: 0 ms ShowScreenShotWindow: 11 ms After ShowScreenShotWindow: 0 ms
[2024-10-12 21:30:23.502] [RobinLog] [info] Qt: Preheat program start
[2024-10-12 21:30:23.593] [RobinLog] [info] Qt: Preheat program end
[2024-10-12 21:30:46.014] [RobinLog] [info] Qt: Spend Time: 227 ms before ScreenShot: 0 ms ScreenShot: 29 ms ScreenShotWidgetInit: 81 ms UiSpyInit: 96 ms ShortCutTipsInit: 0 ms QrCodeDetectInit: 9 ms SetupScreenShotWindow: 0 ms ShowScreenShotWindow: 11 ms After ShowScreenShotWindow: 0 ms
[2024-10-12 22:00:23.508] [RobinLog] [info] Qt: Preheat program start
[2024-10-12 22:00:23.5[2024-10-13 16:56:21.275] [RobinLog] [info] Qt: Crashpad version: "1.8.22.0"
[2024-10-13 16:56:21.290] [RobinLog] [info] Qt: ScreenList  PixScreenManager
"\\\\.\\DISPLAY1"(""): Primary
    Geometry: QRect(0,0 1920x1080)
    AvailableGeometry: QRect(0,0 1920x1042)
    LogicalDotsPerInch: 120
    DevicePixelRatio: 1
    PixelRatio: 1.25
[2024-10-13 16:56:21.544] [RobinLog] [info] Qt: Preheat program start
[2024-10-13 16:56:21.613] [RobinLog] [info] Qt: Preheat program end
[2024-10-13 16:56:24.689] [RobinLog] [info] Qt: Spend Time: 2867 ms before ScreenShot: 1 ms ScreenShot: 54 ms ScreenShotWidgetInit: 2548 ms UiSpyInit: 110 ms ShortCutTipsInit: 0 ms QrCodeDetectInit: 143 ms SetupScreenShotWindow: 0 ms ShowScreenShotWindow: 11 ms After ShowScreenShotWindow: 0 ms
[2024-10-13 16:56:24.690] [RobinLog] [info] Qt: Spend Time: 1 ms before ScreenShot: -2866 ms ScreenShot: 54 ms ScreenShotWidgetInit: 2548 ms UiSpyInit: 110 ms ShortCutTipsInit: 0 ms QrCodeDetectInit: 143 ms SetupScreenShotWindow: 0 ms ShowScreenShotWindow: 11 ms After ShowScreenShotWindow: 1 ms
[2024-10-13 19:46:26.579] [RobinLog] [info] Qt: Preheat program start
[2024-10-13 19:46:26.632] [RobinLog] [info] Qt: Preheat program end
[2024-10-13 21:00:30.568] [RobinLog] [info] Qt: Preheat program start
[2024-10-13 21:00:30.604] [RobinLog] [info] Qt: Preheat program end
[2024-10-13 21:30:32.478] [RobinLog] [info] Qt: Preheat program start
[2024-10-13 21:30:32.508] [RobinLog] [info] Qt: Preheat program end
[2024-10-13 22:00:32.541] [RobinLog] [info] Qt: Preheat program start
[2024-10-13 22:00:32.594] [RobinLog] [info] Qt: Preheat program end
[2024-10-13 22:30:32.600] [RobinLog] [info] Qt: Preheat program start
[2024-10-13 22:30:32.631] [RobinLog] [info] Qt: Preheat program end
[2024-10-13 23:39:24.527] [RobinLog] [info] Qt: Preheat program start
[2024-10-13 23:39:24.584] [RobinLog] [info] Qt: Preheat program end
[2024-10-14 00:06:08.224] [RobinLog] [info] Qt: Spend Time: 408 ms before ScreenShot: 0 ms ScreenShot: 40 ms ScreenShotWidgetInit: 296 ms UiSpyInit: 51 ms ShortCutTipsInit: 0 ms QrCodeDetectInit: 11 ms SetupScreenShotWindow: 0 ms ShowScreenShotWindow: 10 ms After ShowScreenShotWindow: 0 ms
[2024-10-14 00:09:24.662] [RobinLog] [info] Qt: Preheat program start
[2024-10-14 00:09:24.695] [RobinLog] [info] Qt: Preheat program end
[2024-10-14 00:39:24.730] [RobinLog] [info] Qt: Preheat program start
[2024-10-14 00:39:24.790] [RobinLog] [info] Qt: Preheat program end
[2024-10-14 01:09:24.906] [RobinLog] [info] Qt: Preheat program start
[2024-10-14 01:09:24.935] [RobinLog] [info] Qt: Preheat program end
[2024-10-14 01:39:24.991] [RobinLog] [info] Qt: Preheat program start
[2024-10-14 01:39:25.040] [RobinLog] [info] Qt: Preheat program end
[2024-10-14 02:09:25.078] [RobinLog] [info] Qt: Preheat program start
[2024-10-14 02:09:25.213] [RobinLog] [info] Qt: Preheat program end
[2024-10-14 05:17:19.605] [RobinLog] [info] Qt: Preheat program start
[2024-10-14 05:17:19.710] [RobinLog] [info] Qt: Preheat program end
[2024-10-15 00:00:21.577] [RobinLog] [info] Qt: Preheat program start
[2024-10-15 00:00:21.745] [RobinLog] [info] Qt: Preheat program end
[2024-10-15 00:32:33.530] [RobinLog] [info] Qt: Preheat program start
[2024-10-15 00:32:33.652] [RobinLog] [info] Qt: Preheat program end
[2024-10-15 01:02:33.664] [RobinLog] [info] Qt: Preheat program start
[2024-10-15 01:02:33.796] [RobinLog] [info] Qt: Preheat program end
[2024-10-15 01:32:33.794] [RobinLog] [info] Qt: Preheat program start
[2024-10-15 01:32:33.913] [RobinLog] [info] Qt: Preheat program end
[2024-10-15 02:02:33.873] [RobinLog] [info] Qt: Preheat program start
[2024-10-15 02:02:34.028] [RobinLog] [info] Qt: Preheat program end
[2024-10-15 02:32:33.988] [RobinLog] [info] Qt: Preheat program start
[2024-10-15 02:32:34.031] [RobinLog] [info] Qt: Preheat program end
[2024-10-15 03:02:34.030] [RobinLog] [info] Qt: Preheat program start
[2024-10-15 03:02:34.141] [RobinLog] [info] Qt: Preheat program end
[2024-10-15 03:32:51.610] [RobinLog] [info] Qt: Preheat program start
[2024-10-15 03:32:51.742] [RobinLog] [info] Qt: Preheat program end
[2024-10-15 19:36:31.000] [RobinLog] [info] Qt: Spend Time: 406 ms before ScreenShot: 9 ms ScreenShot: 42 ms ScreenShotWidgetInit: 225 ms UiSpyInit: 77 ms ShortCutTipsInit: 0 ms QrCodeDetectInit: 44 ms SetupScreenShotWindow: 0 ms ShowScreenShotWindow: 9 ms After ShowScreenShotWindow: 0 ms
[2024-10-15 19:38:11.769] [RobinLog] [info] Qt: Spend Time: 407 ms before ScreenShot: 0 ms ScreenShot: 84 ms ScreenShotWidgetInit: 135 ms UiSpyInit: 168 ms ShortCutTipsInit: 0 ms QrCodeDetectInit: 11 ms SetupScreenShotWindow: 0 ms ShowScreenShotWindow: 9 ms After ShowScreenShotWindow: 0 ms
[2024-10-15 19:38:19.697] [RobinLog] [info] Qt: Spend Time: 81 ms before ScreenShot: 0 ms ScreenShot: 28 ms ScreenShotWidgetInit: 4 ms UiSpyInit: 34 ms ShortCutTipsInit: 0 ms QrCodeDetectInit: 5 ms SetupScreenShotWindow: 0 ms ShowScreenShotWindow: 10 ms After ShowScreenShotWindow: 0 ms
[2024-10-15 19:41:40.009] [RobinLog] [info] Qt: Spend Time: 289 ms before ScreenShot: 1 ms ScreenShot: 76 ms ScreenShotWidgetInit: 139 ms UiSpyInit: 54 ms ShortCutTipsInit: 0 ms QrCodeDetectInit: 10 ms SetupScreenShotWindow: 0 ms ShowScreenShotWindow: 9 ms After ShowScreenShotWindow: 0 ms
[2024-10-15 19:45:31.592] [RobinLog] [info] Qt: Preheat program start
[2024-10-15 19:45:31.663] [RobinLog] [info] Qt: Preheat program end
[2024-10-15 20:15:34.211] [RobinLog] [info] Qt: Preheat program start
[2024-10-15 20:15:34.277] [RobinLog] [info] Qt: Preheat program end
[2024-10-15 20:45:34.210] [RobinLog] [info] Qt: Preheat program start
[2024-10-15 20:45:34.279] [RobinLog] [info] Qt: Preheat program end
[2024-10-15 21:15:34.213] [RobinLog] [info] Qt: Preheat program start
[2024-10-15 21:15:34.277] [RobinLog] [info] Qt: Preheat program end
[2024-10-15 22:00:42.462] [RobinLog] [info] Qt: Preheat program start
[2024-10-15 22:00:42.537] [RobinLog] [info] Qt: Preheat program end
[2024-10-15 22:17:23.651] [RobinLog] [info] Qt: Spend Time: 761 ms before ScreenShot: 20 ms ScreenShot: 64 ms ScreenShotWidgetInit: 377 ms UiSpyInit: 92 ms ShortCutTipsInit: 0 ms QrCodeDetectInit: 50 ms SetupScreenShotWindow: 0 ms ShowScreenShotWindow: 158 ms After ShowScreenShotWindow: 0 ms
[2024-10-15 22:17:57.124] [RobinLog] [info] Qt: Spend Time: 231 ms before ScreenShot: 1 ms ScreenShot: 47 ms ScreenShotWidgetInit: 105 ms UiSpyInit: 49 ms ShortCutTipsInit: 0 ms QrCodeDetectInit: 6 ms SetupScreenShotWindow: 0 ms ShowScreenShotWindow: 23 ms After ShowScreenShotWindow: 0 ms
[2024-10-15 22:19:08.216] [RobinLog] [info] Qt: Spend Time: 314 ms before ScreenShot: 0 ms ScreenShot: 91 ms ScreenShotWidgetInit: 137 ms UiSpyInit: 63 ms ShortCutTipsInit: 0 ms QrCodeDetectInit: 5 ms SetupScreenShotWindow: 0 ms ShowScreenShotWindow: 18 ms After ShowScreenShotWindow: 0 ms
[2024-10-15 22:20:03.125] [RobinLog] [info] Qt: Spend Time: 206 ms before ScreenShot: 0 ms ScreenShot: 59 ms ScreenShotWidgetInit: 70 ms UiSpyInit: 55 ms ShortCutTipsInit: 0 ms QrCodeDetectInit: 6 ms SetupScreenShotWindow: 0 ms ShowScreenShotWindow: 16 ms After ShowScreenShotWindow: 0 ms
[2024-10-15 22:20:53.625] [RobinLog] [info] Qt: ScreenList  PixScreenManager
"\\\\.\\DISPLAY1"(""): Primary
    Geometry: QRect(0,0 1920x1080)
    AvailableGeometry: QRect(0,0 1920x1042)
    LogicalDotsPerInch: 96
    DevicePixelRatio: 1
    PixelRatio: 1
[2024-10-15 22:20:56.501] [RobinLog] [info] Qt: ScreenList  PixScreenManager
"\\\\.\\DISPLAY1"(""): Primary
    Geometry: QRect(0,0 1920x1080)
    AvailableGeometry: QRect(0,0 1920x1042)
    LogicalDotsPerInch: 96
    DevicePixelRatio: 1
    PixelRatio: 1
[2024-10-15 22:20:58.168] [RobinLog] [info] Qt: ScreenList  PixScreenManager
"\\\\.\\DISPLAY1"(""): Primary
    Geometry: QRect(0,0 1920x1080)
    AvailableGeometry: QRect(0,0 1920x1050)
    LogicalDotsPerInch: 96
    DevicePixelRatio: 1
    PixelRatio: 1
[2024-10-15 22:21:10.640] [RobinLog] [info] Qt: Spend Time: 434 ms before ScreenShot: 0 ms ScreenShot: 32 ms ScreenShotWidgetInit: 298 ms UiSpyInit: 81 ms ShortCutTipsInit: 0 ms QrCodeDetectInit: 9 ms SetupScreenShotWindow: 0 ms ShowScreenShotWindow: 14 ms After ShowScreenShotWindow: 0 ms
[2024-10-15 22:22:57.299] [RobinLog] [info] Qt: Spend Time: 220 ms before ScreenShot: 0 ms ScreenShot: 51 ms ScreenShotWidgetInit: 103 ms UiSpyInit: 43 ms ShortCutTipsInit: 0 ms QrCodeDetectInit: 10 ms SetupScreenShotWindow: 0 ms ShowScreenShotWindow: 13 ms After ShowScreenShotWindow: 0 ms
[2024-10-15 22:23:15.369] [RobinLog] [info] Qt: Spend Time: 98 ms before ScreenShot: 0 ms ScreenShot: 36 ms ScreenShotWidgetInit: 6 ms UiSpyInit: 34 ms ShortCutTipsInit: 0 ms QrCodeDetectInit: 5 ms SetupScreenShotWindow: 0 ms ShowScreenShotWindow: 17 ms After ShowScreenShotWindow: 0 ms
[2024-10-15 22:30:42.471] [RobinLog] [info] Qt: Preheat program start
[2024-10-15 22:30:42.536] [RobinLog] [info] Qt: Preheat program end
[2024-10-15 23:00:42.464] [RobinLog] [info] Qt: Preheat program start
[2024-10-15 23:00:42.528] [RobinLog] [info] Qt: Preheat program end
[2024-10-15 23:33:35.502] [RobinLog] [info] Qt: Preheat program start
[2024-10-15 23:33:36.357] [RobinLog] [info] Qt: Preheat program end
[2024-10-15 23:34:34.914] [RobinLog] [info] Qt: ScreenList  PixScreenManager
"\\\\.\\DISPLAY2"(""): Primary
    Geometry: QRect(0,0 1920x1080)
    AvailableGeometry: QRect(0,0 1920x1080)
    LogicalDotsPerInch: 120
    DevicePixelRatio: 1
    PixelRatio: 1.25
[2024-10-15 23:34:37.259] [RobinLog] [info] Qt: ScreenList  PixScreenManager
"\\\\.\\DISPLAY2"(""): Primary
    Geometry: QRect(0,0 1920x1080)
    AvailableGeometry: QRect(0,0 1920x1080)
    LogicalDotsPerInch: 120
    DevicePixelRatio: 1
    PixelRatio: 1.25
[2024-10-15 23:34:39.887] [RobinLog] [info] Qt: ScreenList  PixScreenManager
"\\\\.\\DISPLAY2"(""): Primary
    Geometry: QRect(0,0 1920x1080)
    AvailableGeometry: QRect(0,0 1920x1042)
    LogicalDotsPerInch: 120
    DevicePixelRatio: 1
    PixelRatio: 1.25
[2024-10-16 02:32:35.711] [RobinLog] [info] Qt: ScreenList  PixScreenManager
"\\\\.\\DISPLAY2"(""): Primary
    Geometry: QRect(0,0 1920x1080)
    AvailableGeometry: QRect(0,0 1920x1042)
    LogicalDotsPerInch: 120
    DevicePixelRatio: 1
    PixelRatio: 1.25
[2024-10-16 02:32:36.961] [RobinLog] [info] Qt: ScreenList  PixScreenManager
"\\\\.\\DISPLAY2"(""): Primary
    Geometry: QRect(0,0 1920x1080)
    AvailableGeometry: QRect(0,0 1920x1080)
    LogicalDotsPerInch: 120
    DevicePixelRatio: 1
    PixelRatio: 1.25
[2024-10-16 02:32:48.544] [RobinLog] [info] Qt: ScreenList  PixScreenManager
"\\\\.\\DISPLAY2"(""): Primary
    Geometry: QRect(0,0 1920x1080)
    AvailableGeometry: QRect(0,0 1920x1042)
    LogicalDotsPerInch: 120
    DevicePixelRatio: 1
    PixelRatio: 1.25
[2024-10-16 03:05:26.507] [RobinLog] [info] Qt: Preheat program start
[2024-10-16 03:05:26.612] [RobinLog] [info] Qt: Preheat program end
[2024-10-16 21:53:07.505] [RobinLog] [info] Qt: Preheat program start
[2024-10-16 21:53:07.573] [RobinLog] [info] Qt: Preheat program end
[2024-10-16 22:02:39.697] [RobinLog] [info] Qt: Spend Time: 679 ms before ScreenShot: 6 ms ScreenShot: 49 ms ScreenShotWidgetInit: 385 ms UiSpyInit: 187 ms ShortCutTipsInit: 0 ms QrCodeDetectInit: 33 ms SetupScreenShotWindow: 0 ms ShowScreenShotWindow: 18 ms After ShowScreenShotWindow: 1 ms
[2024-10-16 22:12:28.038] [RobinLog] [info] Qt: Spend Time: 367 ms before ScreenShot: 0 ms ScreenShot: 84 ms ScreenShotWidgetInit: 170 ms UiSpyInit: 82 ms ShortCutTipsInit: 0 ms QrCodeDetectInit: 11 ms SetupScreenShotWindow: 0 ms ShowScreenShotWindow: 20 ms After ShowScreenShotWindow: 0 ms
[2024-10-16 22:23:09.277] [RobinLog] [info] Qt: Preheat program start
[2024-10-16 22:23:09.352] [RobinLog] [info] Qt: Preheat program end
[2024-10-16 22:53:09.273] [RobinLog] [info] Qt: Preheat program start
[2024-10-16 22:53:09.341] [RobinLog] [info] Qt: Preheat program end
[2024-10-16 23:23:09.271] [RobinLog] [info] Qt: Preheat program start
[2024-10-16 23:23:09.338] [RobinLog] [info] Qt: Preheat program end
[2024-10-17 00:29:00.495] [RobinLog] [info] Qt: Preheat program start
[2024-10-17 00:29:00.557] [RobinLog] [info] Qt: Preheat program end
[2024-10-17 01:07:32.518] [RobinLog] [info][2024-10-17 02:36:02.697] [RobinLog] [info] Qt: Crashpad version: "1.8.22.0"
[2024-10-17 02:36:02.713] [RobinLog] [info] Qt: ScreenList  PixScreenManager
"\\\\.\\DISPLAY1"(""): Primary
    Geometry: QRect(0,0 1920x1080)
    AvailableGeometry: QRect(0,0 1920x1042)
    LogicalDotsPerInch: 120
    DevicePixelRatio: 1
    PixelRatio: 1.25
[2024-10-17 02:36:03.008] [RobinLog] [info] Qt: Preheat program start
[2024-10-17 02:36:03.103] [RobinLog] [info] Qt: Preheat program end
[2024-10-17 02:36:08.484] [RobinLog] [info] Qt: Spend Time: 3683 ms before ScreenShot: 1 ms ScreenShot: 54 ms ScreenShotWidgetInit: 3355 ms UiSpyInit: 85 ms ShortCutTipsInit: 0 ms QrCodeDetectInit: 176 ms SetupScreenShotWindow: 0 ms ShowScreenShotWindow: 11 ms After ShowScreenShotWindow: 1 ms
[2024-10-17 02:36:08.485] [RobinLog] [info] Qt: Spend Time: 0 ms before ScreenShot: -3683 ms ScreenShot: 54 ms ScreenShotWidgetInit: 3355 ms UiSpyInit: 85 ms ShortCutTipsInit: 0 ms QrCodeDetectInit: 176 ms SetupScreenShotWindow: 0 ms ShowScreenShotWindow: 11 ms After ShowScreenShotWindow: 2 ms
[2024-10-17 03:04:02.583] [RobinLog] [info] Qt: Preheat program start
[2024-10-17 03:04:02.654] [RobinLog] [info] Qt: Preheat program end
[2024-10-17 11:58:08.417] [RobinLog] [info] Qt: ScreenList  PixScreenManager
"\\\\.\\DISPLAY1"(""): Primary
    Geometry: QRect(0,0 1920x1080)
    AvailableGeometry: QRect(0,0 1920x1080)
    LogicalDotsPerInch: 120
    DevicePixelRatio: 1
    PixelRatio: 1.25
[2024-10-17 11:58:13.175] [RobinLog] [info] Qt: ScreenList  PixScreenManager
"\\\\.\\DISPLAY1"(""): Primary
    Geometry: QRect(0,0 1920x1080)
    AvailableGeometry: QRect(0,0 1920x1042)
    LogicalDotsPerInch: 120
    DevicePixelRatio: 1
    PixelRatio: 1.25
[2024-10-17 12:06:05.547] [RobinLog] [info] Qt: Preheat program start
[2024-10-17 12:06:05.661] [RobinLog] [info] Qt: Preheat program end
[2024-10-17 19:12:33.494] [RobinLog] [info] Qt: Preheat program start
[2024-10-17 19:12:33.636] [RobinLog] [info] Qt: Preheat program end
[2024-10-17 20:16:42.505] [RobinLog] [info] Qt: Preheat program start
[2024-10-17 20:16:42.655] [RobinLog] [info] Qt: Preheat program end
[2024-10-17 20:46:42.514] [RobinLog] [info] Qt: Preheat program start
[2024-10-17 20:46:42.632] [RobinLog] [info] Qt: Preheat program end
[2024-10-17 21:16:42.530] [RobinLog] [info] Qt: Preheat program start
[2024-10-17 21:16:42.634] [RobinLog] [info] Qt: Preheat program end
[2024-10-17 22:18:16.509] [RobinLog] [info] Qt: Preheat program start
[2024-10-17 22:18:16.599] [RobinLog] [info] Qt: Preheat program end
[2024-10-17 23:10:18.496] [RobinLog] [info] Qt: Preheat program start
[2024-10-17 23:10:18.621] [RobinLog] [info] Qt: Preheat program end
[2024-10-17 23:21:37.354] [RobinLog] [info] Qt: Spend Time: 1017 ms before ScreenShot: 11 ms ScreenShot: 53 ms ScreenShotWidgetInit: 379 ms UiSpyInit: 304 ms ShortCutTipsInit: 0 ms QrCodeDetectInit: 69 ms SetupScreenShotWindow: 0 ms ShowScreenShotWindow: 200 ms After ShowScreenShotWindow: 1 ms
[2024-10-17 23:40:18.501] [RobinLog] [info] Qt: Preheat program start
[2024-10-17 23:40:18.569] [RobinLog] [info] Qt: Preheat program end
[2024-10-18 00:10:18.512] [RobinLog] [info] Qt: Preheat program start
[2024-10-18 00:10:18.577] [RobinLog] [info] Qt: Preheat program end
[2024-10-18 00:40:18.509] [RobinLog] [info] Qt: Preheat program start
[2024-10-18 00:40:18.625] [RobinLog] [info] Qt: Preheat program end
[2024-10-18 01:15:11.489] [RobinLog] [info] Qt: Preheat program start
[2024-10-18 01:15:11.542] [RobinLog] [info] Qt: Preheat program end
[2024-10-18 01:45:11.502] [RobinLog] [info] Qt: Preheat program start
[2024-10-18 01:45:11.591] [RobinLog] [info] Qt: Preheat program end
[2024-10-18 02:15:11.496] [RobinLog] [info] Qt: Preheat program start
[2024-10-18 02:15:11.549] [RobinLog] [info] Qt: Preheat program end
[2024-10-18 02:45:11.504] [RobinLog] [info] Qt: Preheat program start
[2024-10-18 02:45:11.623] [RobinLog] [info] Qt: Preheat program end
[2024-10-18 03:15:11.511] [RobinLog] [info] Qt: Preheat program start
[2024-10-18 03:15:11.566] [RobinLog] [info] Qt: Preheat program end
[2024-10-18 03:45:11.515] [RobinLog] [info] Qt: Preheat program start
[2024-10-18 03:45:11.572] [RobinLog] [info] Qt: Preheat program end
[2024-10-18 17:01:09.905] [RobinLog] [info] Qt: ScreenList  PixScreenManager
"\\\\.\\DISPLAY1"(""): Primary
    Geometry: QRect(0,0 1920x1080)
    AvailableGeometry: QRect(0,0 1920x1080)
    LogicalDotsPerInch: 120
    DevicePixelRatio: 1
    PixelRatio: 1.25
[2024-10-18 17:17:48.207] [RobinLog] [info] Qt: ScreenList  PixScreenManager
"\\\\.\\DISPLAY1"(""): Primary
    Geometry: QRect(0,0 1920x1080)
    AvailableGeometry: QRect(0,0 1920x1042)
    LogicalDotsPerInch: 120
    DevicePixelRatio: 1
    PixelRatio: 1.25
[2024-10-18 17:34:52.498] [RobinLog] [info] Qt: Preheat program start
[2024-10-18 17:34:52.558] [RobinLog] [info] Qt: Preheat program end
[2024-10-18 21:33:59.216] [RobinLog] [info] Qt: ScreenList  PixScreenManager
"\\\\.\\DISPLAY1"(""): Primary
    Geometry: QRect(0,0 1920x1080)
    AvailableGeometry: QRect(0,0 1920x1080)
    LogicalDotsPerInch: 120
    DevicePixelRatio: 1
    PixelRatio: 1.25
[2024-10-18 21:34:06.335] [RobinLog] [info] Qt: ScreenList  PixScreenManager
"\\\\.\\DISPLAY1"(""): Primary
    Geometry: QRect(0,0 1920x1080)
    AvailableGeometry: QRect(0,0 1920x1042)
    LogicalDotsPerInch: 120
    DevicePixelRatio: 1
    PixelRatio: 1.25
[2024-10-18 21:43:55.509] [RobinLog] [info] Qt: Preheat program start
[2024-10-18 21:43:55.576] [RobinLog] [info] Qt: Preheat program end
[2024-10-18 22:13:55.509] [RobinLog] [info] Qt: Preheat program start
[2024-10-18 22:13:55.599] [RobinLog] [info] Qt: Preheat program end
[2024-10-18 22:43:55.505] [RobinLog] [info] Qt: Preheat program start
[2024-10-18 22:43:55.573] [RobinLog] [info] Qt: Preheat program end
[2024-10-18 22:45:30.568] [RobinLog] [info] Qt: Spend Time: 720 ms before ScreenShot: 10 ms ScreenShot: 45 ms ScreenShotWidgetInit: 396 ms UiSpyInit: 221 ms ShortCutTipsInit: 0 ms QrCodeDetectInit: 32 ms SetupScreenShotWindow: 0 ms ShowScreenShotWindow: 16 ms After ShowScreenShotWindow: 0 ms
[2024-10-18 22:45:36.793] [RobinLog] [info] Qt: Spend Time: 92 ms before ScreenShot: 0 ms ScreenShot: 35 ms ScreenShotWidgetInit: 4 ms UiSpyInit: 37 ms ShortCutTipsInit: 0 ms QrCodeDetectInit: 5 ms SetupScreenShotWindow: 0 ms ShowScreenShotWindow: 11 ms After ShowScreenShotWindow: 0 ms
[2024-10-18 23:13:55.505] [RobinLog] [info] Qt: Preheat program start
[2024-10-18 23:13:55.626] [RobinLog] [info] Qt: Preheat program end
[2024-10-18 23:43:55.506] [RobinLog] [info] Qt: Preheat program start
[2024-10-18 23:43:55.621] [RobinLog] [info] Qt: Preheat program end
[2024-10-19 00:22:26.577] [RobinLog] [info] Qt: Preheat program start
[2024-10-19 00:22:26.685] [RobinLog] [info] Qt: Preheat program end
[2024-10-19 02:46:38.500] [RobinLog] [info] Qt: Preheat program start
[2024-10-19 02:46:38.637] [RobinLog] [info] Qt: Preheat program end
[2024-10-19 10:51:27.498] [RobinLog] [info] Qt: Preheat program start
[2024-10-19 10:51:27.553] [RobinLog] [info] Qt: Preheat program end
[2024-10-19 11:21:27.494] [RobinLog] [info] Qt: Preheat program start
[2024-10-19 11:21:27.549] [RobinLog] [info] Qt: Preheat program end
[2024-10-19 11:56:32.502] [RobinLog] [info] Qt: Preheat program start
[2024-10-19 11:56:32.572] [RobinLog] [info] Qt: Preheat program end
[2024-10-19 12:26:32.508] [RobinLog] [info] Qt: Preheat program start
[2024-10-19 12:26:32.579] [RobinLog] [info] Qt: Preheat program end
[2024-10-19 13:15:58.862] [RobinLog] [info] Qt: Preheat program start
[2024-10-19 13:15:58.930] [RobinLog] [info] Qt: Preheat program end
[2024-10-19 16:48:21.610] [RobinLog] [info] Qt: Preheat program start
[2024-10-19 16:48:21.681] [RobinLog] [info] Qt: Preheat program end
[2024-10-19 17:18:21.607] [RobinLog] [info] Qt: Preheat program start
[2024-10-19 17:18:21.670] [RobinLog] [info] Qt: Preheat program end
[2024-10-19 18:10:42.501] [RobinLog] [info] Qt: Preheat program start
[2024-10-19 18:10:42.573] [RobinLog] [info] Qt: Preheat program end
[2024-10-19 18:40:42.506] [RobinLog] [info] Qt: Preheat pr[2024-10-20 15:34:47.650] [RobinLog] [info] Qt: Crashpad version: "1.8.22.0"
[2024-10-20 15:34:47.735] [RobinLog] [info] Qt: ScreenList  PixScreenManager
"\\\\.\\DISPLAY1"(""): Primary
    Geometry: QRect(0,0 1920x1080)
    AvailableGeometry: QRect(0,0 1920x1042)
    LogicalDotsPerInch: 120
    DevicePixelRatio: 1
    PixelRatio: 1.25
[2024-10-20 15:34:48.239] [RobinLog] [info] Qt: Preheat program start
[2024-10-20 15:34:48.367] [RobinLog] [info] Qt: Preheat program end
[2024-10-20 15:35:06.822] [RobinLog] [info] Qt: ScreenList  PixScreenManager
"\\\\.\\DISPLAY1"(""): Primary
    Geometry: QRect(0,0 1920x1080)
    AvailableGeometry: QRect(0,0 1920x1042)
    LogicalDotsPerInch: 120
    DevicePixelRatio: 1
    PixelRatio: 1.25
[2024-10-20 15:47:48.772] [RobinLog] [info] Qt: ScreenList  PixScreenManager
"\\\\.\\DISPLAY1"(""): Primary
    Geometry: QRect(0,0 1920x1080)
    AvailableGeometry: QRect(0,0 1920x1040)
    LogicalDotsPerInch: 120
    DevicePixelRatio: 1
    PixelRatio: 1.25
[2024-10-20 18:25:20.538] [RobinLog] [info] Qt: Preheat program start
[2024-10-20 18:25:20.614] [RobinLog] [info] Qt: Preheat program end
[2024-10-20 18:55:20.539] [RobinLog] [info] Qt: Preheat program start
[2024-10-20 18:55:20.604] [RobinLog] [info] Qt: Preheat program end
[2024-10-20 20:11:12.504] [RobinLog] [info] Qt: Preheat program start
[2024-10-20 20:11:12.574] [RobinLog] [info] Qt: Preheat program end
[2024-10-21 02:11:20.435] [RobinLog] [info] Qt: ScreenList  PixScreenManager
"\\\\.\\DISPLAY1"(""): Primary
    Geometry: QRect(0,0 1920x1080)
    AvailableGeometry: QRect(0,0 1920x1080)
    LogicalDotsPerInch: 120
    DevicePixelRatio: 1
    PixelRatio: 1.25
[2024-10-21 02:11:29.237] [RobinLog] [info] Qt: ScreenList  PixScreenManager
"\\\\.\\DISPLAY1"(""): Primary
    Geometry: QRect(0,0 1920x1080)
    AvailableGeometry: QRect(0,0 1920x1040)
    LogicalDotsPerInch: 120
    DevicePixelRatio: 1
    PixelRatio: 1.25
[2024-10-21 02:39:17.516] [RobinLog] [info] Qt: Preheat program start
[2024-10-21 02:39:17.655] [RobinLog] [info] Qt: Preheat program end
[2024-10-21 20:18:45.504] [RobinLog] [info] Qt: Preheat program start
[2024-10-21 20:18:45.616] [RobinLog] [info] Qt: Preheat program end
[2024-10-21 20:40:04.212] [RobinLog] [info] Qt: Spend Time: 2448 ms before ScreenShot: 24 ms ScreenShot: 68 ms ScreenShotWidgetInit: 1970 ms UiSpyInit: 209 ms ShortCutTipsInit: 0 ms QrCodeDetectInit: 162 ms SetupScreenShotWindow: 0 ms ShowScreenShotWindow: 14 ms After ShowScreenShotWindow: 1 ms
[2024-10-21 20:48:45.527] [RobinLog] [info] Qt: Preheat program start
[2024-10-21 20:48:45.635] [RobinLog] [info] Qt: Preheat program end
[2024-10-21 21:18:45.519] [RobinLog] [info] Qt: Preheat program start
[2024-10-21 21:18:45.644] [RobinLog] [info] Qt: Preheat program end
[2024-10-21 21:48:45.549] [RobinLog] [info] Qt: Preheat program start
[2024-10-21 21:48:45.651] [RobinLog] [info] Qt: Preheat program end
[2024-10-21 22:18:45.529] [RobinLog] [info] Qt: Preheat program start
[2024-10-21 22:18:45.580] [RobinLog] [info] Qt: Preheat program end
[2024-10-21 22:53:58.501] [RobinLog] [info] Qt: Preheat program start
[2024-10-21 22:53:59.454] [RobinLog] [info] Qt: Preheat program end
[2024-10-21 23:23:58.509] [RobinLog] [info] Qt: Preheat program start
[2024-10-21 23:23:58.541] [RobinLog] [info] Qt: Preheat program end
[2024-10-22 00:27:22.507] [RobinLog] [info] Qt: Preheat program start
[2024-10-22 00:27:22.568] [RobinLog] [info] Qt: Preheat program end
[2024-10-22 10:57:23.508] [RobinLog] [info] Qt: Preheat program start
[2024-10-22 10:57:23.619] [RobinLog] [info] Qt: Preheat program end
[2024-10-22 17:12:43.357] [RobinLog] [info] Qt: Spend Time: 755 ms before ScreenShot: 14 ms ScreenShot: 58 ms ScreenShotWidgetInit: 403 ms UiSpyInit: 182 ms ShortCutTipsInit: 0 ms QrCodeDetectInit: 72 ms SetupScreenShotWindow: 0 ms ShowScreenShotWindow: 26 ms After ShowScreenShotWindow: 0 ms
[2024-10-22 17:14:13.498] [RobinLog] [info] Qt: Preheat program start
[2024-10-22 17:14:13.548] [RobinLog] [info] Qt: Preheat program end
[2024-10-22 19:06:05.519] [RobinLog] [info] Qt: Preheat program start
[2024-10-22 19:06:05.660] [RobinLog] [info] Qt: Preheat program end
[2024-10-22 19:36:05.512] [RobinLog] [info] Qt: Preheat program start
[2024-10-22 19:36:05.553] [RobinLog] [info] Qt: Preheat program end
[2024-10-22 20:06:05.515] [RobinLog] [info] Qt: Preheat program start
[2024-10-22 20:06:05.637] [RobinLog] [info] Qt: Preheat program end
[2024-10-22 20:36:05.519] [RobinLog] [info] Qt: Preheat program start
[2024-10-22 20:36:05.631] [RobinLog] [info] Qt: Preheat program end
[2024-10-22 23:21:32.498] [RobinLog] [info] Qt: Preheat program start
[2024-10-22 23:21:32.589] [RobinLog] [info] Qt: Preheat program end
[2024-10-22 23:51:32.505] [RobinLog] [info] Qt: Preheat program start
[2024-10-22 23:51:32.559] [RobinLog] [info] Qt: Preheat program end
[2024-10-23 00:21:32.504] [RobinLog] [info] Qt: Preheat program start
[2024-10-23 00:21:32.533] [RobinLog] [info] Qt: Preheat program end
[2024-10-23 00:51:33.633] [RobinLog] [info] Qt: Preheat program start
[2024-10-23 00:51:33.660] [RobinLog] [info] Qt: Preheat program end
[2024-10-23 01:21:33.635] [RobinLog] [info] Qt: Preheat program start
[2024-10-23 01:21:33.663] [RobinLog] [info] Qt: Preheat program end
[2024-10-23 01:51:33.638] [RobinLog] [info] Qt: Preheat program start
[2024-10-23 01:51:33.671] [RobinLog] [info] Qt: Preheat program end
[2024-10-23 02:21:33.636] [RobinLog] [info] Qt: Preheat program start
[2024-10-23 02:21:33.669] [RobinLog] [info] Qt: Preheat program end
[2024-10-23 22:57:03.491] [RobinLog] [info] Qt: Preheat program start
[2024-10-23 22:57:03.593] [RobinLog] [info] Qt: Preheat program end
[2024-10-23 23:27:03.498] [RobinLog] [info] Qt: Preheat program start
[2024-10-23 23:27:03.534] [RobinLog] [info] Qt: Preheat program end
[2024-10-24 00:03:32.496] [RobinLog] [info] Qt: Preheat program start
[2024-10-24 00:03:32.560] [RobinLog] [info] Qt: Preheat program end
[2024-10-24 00:33:32.492] [RobinLog] [info] Qt: Preheat program start
[2024-10-24 00:33:32.522] [RobinLog] [info] Qt: Preheat program end
[2024-10-24 01:03:32.494] [RobinLog] [info] Qt: Preheat program start
[2024-10-24 01:03:32.605] [RobinLog] [info] Qt: Preheat program end
[2024-10-24 01:33:32.501] [RobinLog] [info] Qt: Preheat program start
[2024-10-24 01:33:32.562] [RobinLog] [info] Qt: Preheat program end
[2024-10-24 02:30:46.509] [RobinLog] [info] Qt: Preheat program start
[2024-10-24 02:30:46.582] [RobinLog] [info] Qt: Preheat program end
[2024-10-24 02:56:26.603] [RobinLog] [info] Qt: ScreenList  PixScreenManager
"\\\\.\\DISPLAY1"(""): Primary
    Geometry: QRect(0,0 1920x1080)
    AvailableGeometry: QRect(0,0 1920x1042)
    LogicalDotsPerInch: 120
    DevicePixelRatio: 1
    PixelRatio: 1.25
[2024-10-24 03:00:46.511] [RobinLog] [info] Qt: Preheat program start
[2024-10-24 03:00:46.571] [RobinLog] [info] Qt: Preheat program end
[2024-10-24 03:30:46.528] [RobinLog] [info] Qt: Preheat program start
[2024-10-24 03:30:46.598] [RobinLog] [info] Qt: Preheat program end
[2024-10-24 11:48:13.498] [RobinLog] [info] Qt: Preheat program start
[2024-10-24 11:48:13.637] [RobinLog] [info] Qt: Preheat program end
[2024-10-24 11:49:55.391] [RobinLog] [info] Qt: Spend Time: 660 ms before ScreenShot: 0 ms ScreenShot: 101 ms ScreenShotWidgetInit: 279 ms UiSpyInit: 195 ms ShortCutTipsInit: 0 ms QrCodeDetectInit: 17 ms SetupScreenShotWindow: 0 ms ShowScreenShotWindow: 68 ms After ShowScreenShotWindow: 0 ms
[2024-10-24 11:50:29.859] [RobinLog] [info] Qt: Spend Time: 231 ms before ScreenShot: 0 ms ScreenShot: 39 ms ScreenShotWidgetInit: 122 ms UiSpyInit: 49 ms ShortCutTipsInit: 0 ms QrCodeDetectInit: 6 ms SetupScreenShotWindow: 0 ms ShowScreenShotWindow: 15 ms After ShowScreenShotWindow: 0 ms
[2024-10-24 12:24:25.495] [RobinLog] [info] Qt: Preheat program start
[2024-10-24 12:24:25.632] [RobinLog] [info] Qt: Preheat program end
[2024-10-24 12:27:26.086] [RobinLog] [info] Qt: Spend Time: 427 ms before ScreenShot: 0 ms ScreenShot: 59 ms ScreenShotWidgetInit: 195 ms UiSpyInit: 140 ms ShortCutTipsInit: 0 ms QrCodeDetectInit: 11 ms SetupScreenShotWindow: 0 ms ShowScreenShotWindow: 22 ms After ShowScreenShotWindow: 0 ms
[2024-10-24 12:29:14.741] [RobinLog] [info] Qt: Spend Time: 408 ms before ScreenShot: 0 ms ScreenShot: 83 ms ScreenShotWidgetInit: 156 ms UiSpyInit: 135 ms ShortCutTipsInit: 0 ms QrCodeDetectInit: 19 ms SetupScreenShotWindow: 0 ms ShowScreenShotWindow: 15 ms After ShowScreenShotWindow: 0 ms
[2024-10-24 20:45:12.148] [RobinLog] [info] Qt: Preheat program start
[2024-10-24 20:45:12.259] [RobinLog] [info] Qt: Preheat program end
[2024-10-24 21:15:12.172] [RobinLog] [info] Qt: Preheat program start
[2024-10-24 21:15:12.276] [RobinLog] [info] Qt: Preheat program end
[2024-10-24 21:47:22.991] [RobinLog] [info] Qt: ScreenList  PixScreenManager
"\\\\.\\DISPLAY1"(""): Primary
    Geometry: QRect(0,0 1920x1080)
    AvailableGeometry: QRect(0,0 1920x1042)
    LogicalDotsPerInch: 120
    DevicePixelRatio: 1
    PixelRatio: 1.25
[2024-10-24 21:48:22.529] [RobinLog] [info] Qt: Preheat program start
[2024-10-24 21:48:22.635] [RobinLog] [info] Qt: Preheat program end
[2024-10-25 01:17:55.570] [RobinLog] [info] Qt: ScreenList  PixScreenManager
"\\\\.\\DISPLAY1"(""): Primary
    Geometry: QRect(0,0 1920x1080)
    AvailableGeometry: QRect(0,0 1920x1042)
    LogicalDotsPerInch: 120
    DevicePixelRatio: 1
    PixelRatio: 1.25
[2024-10-25 01:28:39.513] [RobinLog] [info] Qt: Preheat program start
[2024-10-25 01:28:39.609] [RobinLog] [info] Qt: Preheat program end
[2024-10-25 10:11:25.623] [RobinLog] [info] Qt: Spend Time: 950 ms before ScreenShot: 0 ms ScreenShot: 60 ms ScreenShotWidgetInit: 234 ms UiSpyInit: 187 ms ShortCutTipsInit: 0 ms QrCodeDetectInit: 7 ms SetupScreenShotWindow: 0 ms ShowScreenShotWindow: 462 ms After ShowScreenShotWindow: 0 ms
[2024-10-25 10:11:33.723] [RobinLog] [info] Qt: Spend Time: 183 ms before ScreenShot: 1 ms ScreenShot: 48 ms ScreenShotWidgetInit: 36 ms UiSpyInit: 75 ms ShortCutTipsInit: 0 ms QrCodeDetectInit: 9 ms SetupScreenShotWindow: 0 ms ShowScreenShotWindow: 14 ms After ShowScreenShotWindow: 0 ms
[2024-10-25 10:12:20.152] [RobinLog] [info] Qt: Spend Time: 361 ms before ScreenShot: 0 ms ScreenShot: 56 ms ScreenShotWidgetInit: 148 ms UiSpyInit: 120 ms ShortCutTipsInit: 0 ms QrCodeDetectInit: 9 ms SetupScreenShotWindow: 0 ms ShowScreenShotWindow: 28 ms After ShowScreenShotWindow: 0 ms
[2024-10-25 10:12:38.282] [RobinLog] [info] Qt: Spend Time: 314 ms before ScreenShot: 1 ms ScreenShot: 59 ms ScreenShotWidgetInit: 126 ms UiSpyInit: 95 ms ShortCutTipsInit: 0 ms QrCodeDetectInit: 6 ms SetupScreenShotWindow: 0 ms ShowScreenShotWindow: 27 ms After ShowScreenShotWindow: 0 ms
[2024-10-25 10:35:14.451] [RobinLog] [info] Qt: Spend Time: 400 ms before ScreenShot: 0 ms ScreenShot: 49 ms ScreenShotWidgetInit: 155 ms UiSpyInit: 134 ms ShortCutTipsInit: 0 ms QrCodeDetectInit: 22 ms SetupScreenShotWindow: 0 ms ShowScreenShotWindow: 40 ms After ShowScreenShotWindow: 0 ms
[2024-10-25 10:35:56.128] [RobinLog] [info] Qt: Spend Time: 402 ms before ScreenShot: 0 ms ScreenShot: 60 ms ScreenShotWidgetInit: 149 ms UiSpyInit: 133 ms ShortCutTipsInit: 0 ms QrCodeDetectInit: 8 ms SetupScreenShotWindow: 0 ms ShowScreenShotWindow: 52 ms After ShowScreenShotWindow: 0 ms
[2024-10-25 10:37:20.487] [RobinLog] [info] Qt: Preheat program start
[2024-10-25 10:37:20.603] [RobinLog] [info] Qt: Preheat program end
[2024-10-25 19:39:23.517] [RobinLog] [info] Qt: Preheat program start
[2024-10-25 19:39:23.579] [RobinLog] [info] Qt: Preheat program end
[2024-10-25 20:09:23.511] [RobinLog] [info] Qt: Preheat program start
[2024-10-25 20:09:23.579] [RobinLog] [info] Qt: Preheat program end
[2024-10-25 20:39:47.529] [RobinLog] [info] Qt: Preheat program start
[2024-10-25 20:39:47.597] [RobinLog] [info] Qt: Preheat program end
[2024-10-25 21:09:47.520] [RobinLog] [info] Qt: Preheat program start
[2024-10-25 21:09:47.581] [RobinLog] [info] Qt: Preheat program end
[2024-10-25 22:28:04.504] [RobinLog] [info] Qt: Preheat program start
[2024-10-25 22:28:04.617] [RobinLog] [info] Qt: Preheat program end
[2024-10-25 22:58:04.502] [RobinLog] [info] Qt: Preheat program start
[2024-10-25 22:58:04.642] [RobinLog] [info] Qt: Preheat program end
[2024-10-25 23:29:47.516] [RobinLog] [info] Qt: Preheat program start
[2024-10-25 23:29:47.635] [RobinLog] [info] Qt: Preheat program end
[2024-10-25 23:59:47.508] [RobinLog] [info] Qt: Preheat program start
[2024-10-25 23:59:47.646] [RobinLog] [info] Qt: Preheat program end
[2024-10-26 00:13:17.766] [RobinLog] [info] Qt: Spend Time: 784 ms before ScreenShot: 7 ms ScreenShot: 71 ms ScreenShotWidgetInit: 416 ms UiSpyInit: 173 ms ShortCutTipsInit: 0 ms QrCodeDetectInit: 70 ms SetupScreenShotWindow: 0 ms ShowScreenShotWindow: 47 ms After ShowScreenShotWindow: 0 ms
[2024-10-26 00:19:51.772] [RobinLog] [info] Qt: Spend Time: 408 ms before ScreenShot: 1 ms ScreenShot: 85 ms ScreenShotWidgetInit: 168 ms UiSpyInit: 121 ms ShortCutTipsInit: 0 ms QrCodeDetectInit: 15 ms SetupScreenShotWindow: 0 ms ShowScreenShotWindow: 18 ms After ShowScreenShotWindow: 0 ms
[2024-10-26 00:27:15.994] [RobinLog] [info] Qt: ScreenList  PixScreenManager
"\\\\.\\DISPLAY1"(""): Primary
    Geometry: QRect(0,0 1920x1080)
    AvailableGeometry: QRect(0,0 1920x1042)
    LogicalDotsPerInch: 120
    DevicePixelRatio: 1
    PixelRatio: 1.25
[2024-10-26 00:29:47.514] [RobinLog] [info] Qt: Preheat program start
[2024-10-26 00:29:47.619] [RobinLog] [info] Qt: Preheat program end
[2024-10-26 00:30:30.830] [RobinLog] [info] Qt: ScreenList  PixScreenManager
"\\\\.\\DISPLAY1"(""): Primary
    Geometry: QRect(0,0 1920x1080)
    AvailableGeometry: QRect(0,0 1920x1042)
    LogicalDotsPerInch: 120
    DevicePixelRatio: 1
    PixelRatio: 1.25
[2024-10-26 00:59:47.514] [RobinLog] [info] Qt: Preheat program start
[2024-10-26 00:59:47.579] [RobinLog] [info] Qt: Preheat program end
[2024-10-26 01:04:18.282] [RobinLog] [info] Qt: Spend Time: 494 ms before ScreenShot: 0 ms ScreenShot: 32 ms ScreenShotWidgetInit: 288 ms UiSpyInit: 152 ms ShortCutTipsInit: 0 ms QrCodeDetectInit: 11 ms SetupScreenShotWindow: 0 ms ShowScreenShotWindow: 11 ms After ShowScreenShotWindow: 0 ms
[2024-10-26 02:05:06.508] [RobinLog] [info] Qt: Preheat program start
[2024-10-26 02:05:06.576] [RobinLog] [info] Qt: Preheat program end
[2024-10-26 02:35:06.511] [RobinLog] [info] Qt: Preheat program start
[2024-10-26 02:35:06.569] [RobinLog] [info] Qt: Preheat program end
[2024-10-26 03:06:48.507] [RobinLog] [info] Qt: Preheat program start
[2024-10-26 03:06:48.570] [RobinLog] [info] Qt: Preheat program end
[2024-10-26 11:42:19.511] [RobinLog] [info] Qt: Preheat program start
[2024-10-26 11:42:19.571] [RobinLog] [info] Qt: Preheat program end
[2024-10-26 14:28:03.506] [RobinLog] [info] Qt: Preheat program start
[2024-10-26 14:28:03.623] [RobinLog] [info] Qt: Preheat program end
[2024-10-26 14:58:03.515] [RobinLog] [info] Qt: Preheat program start
[2024-10-26 14:58:03.648] [RobinLog] [info] Qt: Preheat program end
[2024-10-26 15:28:03.517] [RobinLog] [info] Qt: Preheat program start
[2024-10-26 15:28:03.646] [RobinLog] [info] Qt: Preheat program end
[2024-10-26 15:58:03.519] [RobinLog] [info] Qt: Preheat program start
[2024-10-26 15:58:03.638] [RobinLog] [info] Qt: Preheat program end
[2024-10-26 15:58:38.912] [RobinLog] [info] Qt: Spend Time: 1243 ms before ScreenShot: 10 ms ScreenShot: 90 ms ScreenShotWidgetInit: 382 ms UiSpyInit: 218 ms ShortCutTipsInit: 0 ms QrCodeDetectInit: 72 ms SetupScreenShotWindow: 0 ms ShowScreenShotWindow: 471 ms After ShowScreenShotWindow: 0 ms
[2024-10-26 16:08:34.713] [RobinLog] [info] Qt: Spend Time: 200 ms before ScreenShot: 0 ms ScreenShot: 52 ms ScreenShotWidgetInit: 38 ms UiSpyInit: 75 ms ShortCutTipsInit: 0 ms QrCodeDetectInit: 10 ms SetupScreenShotWindow: 0 ms ShowScreenShotWindow: 25 ms After ShowScreenShotWindow: 0 ms
[2024-10-26 19:27:32.216] [RobinLog] [info] Qt: Spend Time: 118 ms before ScreenShot: 1 ms ScreenShot: 45 ms ScreenShotWidgetInit: 3 ms UiSpyInit: 46 ms ShortCutTipsInit: 0 ms QrCodeDetectInit: 8 ms SetupScreenShotWindow: 0 ms ShowScreenShotWindow: 15 ms After ShowScreenShotWindow: 0 ms
[2024-10-26 19:43:19.486] [RobinLog] [info] Qt: Preheat program start
[2024-10-26 19:43:19.539] [RobinLog] [info] Qt: Preheat program end
[2024-10-26 20:24:17.508] [RobinLog] [info] Qt: Preheat program start
[2024-10-26 20:24:17.576] [RobinLog] [info] Qt: Preheat program end
[2024-10-26 22:21:46.501] [RobinLog] [info] Qt: Preheat program start
[2024-10-26 22:21:46.606] [RobinLog] [info] Qt: Preheat program end
[2024-10-26 22:51:46.505] [RobinLog] [info] Qt: Preheat program start
[2024-10-26 22:51:46.611] [RobinLog] [info] Qt: Preheat program end
[2024-10-26 23:21:46.515] [RobinLog] [info] Qt: Preheat program start
[2024-10-26 23:21:46.623] [RobinLog] [info] Qt: Preheat program end
[2024-10-26 23:51:46.505] [RobinLog] [info] Qt: Preheat program start
[2024-10-26 23:51:46.569] [RobinLog] [info] Qt: Preheat program end
[2024-10-27 00:26:19.522] [RobinLog] [info] Qt: Spend Time: 541 ms before ScreenShot: 14 ms ScreenShot: 46 ms ScreenShotWidgetInit: 295 ms UiSpyInit: 106 ms ShortCutTipsInit: 0 ms QrCodeDetectInit: 61 ms SetupScreenShotWindow: 0 ms ShowScreenShotWindow: 19 ms After ShowScreenShotWindow: 0 ms
[2024-10-27 00:34:01.513] [RobinLog] [info] Qt: Preheat program start
[2024-10-27 00:34:01.545] [RobinLog] [info] Qt: Preheat program end
[2024-10-27 09:16:12.510] [RobinLog] [info] Qt: Preheat program start
[2024-10-27 09:16:12.576] [RobinLog] [info] Qt: Preheat program end
[2024-10-27 10:20:59.510] [RobinLog] [info] Qt: Preheat program start
[2024-10-27 10:20:59.581] [RobinLog] [info] Qt: Preheat program end
[2024-10-27 11:03:42.500] [RobinLog] [info] Qt: Preheat program start
[2024-10-27 11:03:42.565] [RobinLog] [info] Qt: Preheat program end
[2024-10-27 11:22:49.993] [RobinLog] [info] Qt: ScreenList  PixScreenManager
"WinDisc"(""): Primary
    Geometry: QRect(0,0 1920x1080)
    AvailableGeometry: QRect(0,0 1920x1080)
    LogicalDotsPerInch: 96
    DevicePixelRatio: 1
    PixelRatio: 1
"\\\\.\\DISPLAY1"(""): 
    Geometry: QRect(0,0 1920x1080)
    AvailableGeometry: QRect(0,0 1920x1042)
    LogicalDotsPerInch: 120
    DevicePixelRatio: 1
    PixelRatio: 1.25
[2024-10-27 11:25:08.368] [RobinLog] [info] Qt: ScreenList  PixScreenManager
"\\\\.\\DISPLAY1"(""): Primary
    Geometry: QRect(0,0 1920x1080)
    AvailableGeometry: QRect(0,0 1920x1080)
    LogicalDotsPerInch: 120
    DevicePixelRatio: 1
    PixelRatio: 1.25
[2024-10-27 11:25:16.253] [RobinLog] [info] Qt: ScreenList  PixScreenManager
"\\\\.\\DISPLAY1"(""): Primary
    Geometry: QRect(0,0 1920x1080)
    AvailableGeometry: QRect(0,0 1920x1042)
    LogicalDotsPerInch: 120
    DevicePixelRatio: 1
    PixelRatio: 1.25
[2024-10-27 11:35:16.497] [RobinLog] [info] Qt: Preheat program start
[2024-10-27 11:35:16.561] [RobinLog] [info] Qt: Preheat program end
[2024-10-27 12:05:16.487] [RobinLog] [info] Qt: Preheat program start
[2024-10-27 12:05:16.558] [RobinLog] [info] Qt: Preheat program end
[2024-10-27 12:35:16.492] [RobinLog] [info] Qt: Preheat program start
[2024-10-27 12:35:16.552] [RobinLog] [info] Qt: Preheat program end
[2024-10-27 13:05:16.499] [RobinLog] [info] Qt: Preheat program start
[2024-10-27 13:05:16.567] [RobinLog] [info] Qt: Preheat program end
[2024-10-27 16:58:51.758] [RobinLog] [info] Qt: ScreenList  PixScreenManager
"\\\\.\\DISPLAY1"(""): Primary
    Geometry: QRect(0,0 1920x1080)
    AvailableGeometry: QRect(0,0 1920x1080)
    LogicalDotsPerInch: 120
    DevicePixelRatio: 1
    PixelRatio: 1.25
[2024-10-27 16:58:55.644] [RobinLog] [info] Qt: ScreenList  PixScreenManager
"\\\\.\\DISPLAY1"(""): Primary
    Geometry: QRect(0,0 1920x1080)
    AvailableGeometry: QRect(0,0 1920x1042)
    LogicalDotsPerInch: 120
    DevicePixelRatio: 1
    PixelRatio: 1.25
[2024-10-27 17:01:48.503] [RobinLog] [info] Qt: Preheat program start
[2024-10-27 17:01:48.577] [RobinLog] [info] Qt: Preheat program end
[2024-10-27 17:31:48.504] [RobinLog] [info] Qt: Preheat program start
[2024-10-27 17:31:48.585] [RobinLog] [info] Qt: Preheat program end
[2024-10-27 18:33:49.423] [RobinLog] [info] Qt: Preheat program start
[2024-10-27 18:33:49.497] [RobinLog] [info] Qt: Preheat program end
[2024-10-27 19:04:04.508] [RobinLog] [info] Qt: Preheat program start
[2024-10-27 19:04:04.574] [RobinLog] [info] Qt: Preheat program end
[2024-10-28 00:25:28.495] [RobinLog] [info] Qt: Preheat program start
[2024-10-28 00:25:28.559] [RobinLog] [info] Qt: Preheat program end
[2024-10-28 00:55:28.496] [RobinLog] [info] Qt: Preheat program start
[2024-10-28 00:55:28.561] [RobinLog] [info] Qt: Preheat program end
[2024-10-28 01:31:05.495] [RobinLog] [info] Qt: Preheat program start
[2024-10-28 01:31:05.561] [RobinLog] [info] Qt: Preheat program end
[2024-10-28 02:01:05.505] [RobinLog] [info] Qt: Preheat program start
[2024-10-28 02:01:05.572] [RobinLog] [info] Qt: Preheat program end
[2024-10-28 02:36:00.491] [RobinLog] [info] Qt: Preheat program start
[2024-10-28 02:36:00.555] [RobinLog] [info] Qt: Preheat program end
[2024-10-28 09:59:28.276] [RobinLog] [info] Qt: Spend Time: 787 ms before ScreenShot: 28 ms ScreenShot: 61 ms ScreenShotWidgetInit: 331 ms UiSpyInit: 263 ms ShortCutTipsInit: 0 ms QrCodeDetectInit: 71 ms SetupScreenShotWindow: 0 ms ShowScreenShotWindow: 33 ms After ShowScreenShotWindow: 0 ms
[2024-10-28 10:10:53.506] [RobinLog] [info] Qt: Preheat program start
[2024-10-28 10:10:53.613] [RobinLog] [info] Qt: Preheat program end
[2024-10-29 20:46:24.506] [RobinLog] [info] Qt: Preheat program start
[2024-10-29 20:46:24.601] [RobinLog] [info] Qt: Preheat program end
[2024-10-29 21:31:30.516] [RobinLog] [info] Qt: Preheat program start
[2024-10-29 21:31:30.604] [RobinLog] [info] Qt: Preheat program end
[2024-10-29 22:01:30.507] [RobinLog] [info] Qt: Preheat program start
[2024-10-29 22:01:30.624] [RobinLog] [info] Qt: Preheat program end
[2024-10-29 22:25:50.566] [RobinLog] [info] Qt: Spend Time: 795 ms before ScreenShot: 37 ms ScreenShot: 83 ms ScreenShotWidgetInit: 422 ms UiSpyInit: 162 ms ShortCutTipsInit: 0 ms QrCodeDetectInit: 59 ms SetupScreenShotWindow: 0 ms ShowScreenShotWindow: 32 ms After ShowScreenShotWindow: 0 ms
[2024-10-29 22:31:30.511] [RobinLog] [info] Qt: Preheat program start
[2024-10-29 22:31:30.599] [RobinLog] [info] Qt: Preheat program end
[2024-10-29 22:32:43.016] [RobinLog] [info] Qt: Spend Time: 401 ms before ScreenShot: 26 ms ScreenShot: 61 ms ScreenShotWidgetInit: 173 ms UiSpyInit: 102 ms ShortCutTipsInit: 0 ms QrCodeDetectInit: 13 ms SetupScreenShotWindow: 0 ms ShowScreenShotWindow: 25 ms After ShowScreenShotWindow: 1 ms
[2024-10-30 23:24:16.515] [RobinLog] [info] Qt: Preheat program start
[2024-10-30 23:24:16.643] [RobinLog] [info] Qt: Preheat program end
[2024-10-31 00:21:26.504] [RobinLog] [info] Qt: Preheat program start
[2024-10-31 00:21:26.572] [RobinLog] [info] Qt: Preheat program end
[2024-10-31 00:51:26.516] [RobinLog] [info] Qt: Preheat program start
[2024-10-31 00:51:26.581] [RobinLog] [info] Qt: Preheat program end
[2024-10-31 02:29:41.494] [RobinLog] [info] Qt: Preheat program start
[2024-10-31 02:29:41.645] [RobinLog] [info] Qt: Preheat program end
[2024-11-01 00:11:22.496] [RobinLog] [info] Qt: Preheat program start
[2024-11-01 00:11:22.563] [RobinLog] [info] Qt: Preheat program end
[2024-11-01 01:36:16.514] [RobinLog] [info] Qt: Preheat program start
[2024-11-01 01:36:16.583] [RobinLog] [info] Qt: Preheat program end
[2024-11-01 02:06:16.517] [RobinLog] [info] Qt: Preheat program start
[2024-11-01 02:06:16.584] [RobinLog] [info] Qt: Preheat program end
[2024-11-01 10:45:03.009] [RobinLog] [info] Qt: Spend Time: 578 ms before ScreenShot: 28 ms ScreenShot: 65 ms ScreenShotWidgetInit: 279 ms UiSpyInit: 139 ms ShortCutTipsInit: 0 ms QrCodeDetectInit: 15 ms SetupScreenShotWindow: 0 ms ShowScreenShotWindow: 52 ms After ShowScreenShotWindow: 0 ms
[2024-11-01 10:45:07.769] [RobinLog] [info] Qt: Spend Time: 160 ms before ScreenShot: 0 ms ScreenShot: 42 ms ScreenShotWidgetInit: 36 ms UiSpyInit: 59 ms ShortCutTipsInit: 0 ms QrCodeDetectInit: 7 ms SetupScreenShotWindow: 0 ms ShowScreenShotWindow: 16 ms After ShowScreenShotWindow: 0 ms
[2024-11-01 10:45:34.438] [RobinLog] [info] Qt: Spend Time: 241 ms before ScreenShot: 0 ms ScreenShot: 56 ms ScreenShotWidgetInit: 61 ms UiSpyInit: 94 ms ShortCutTipsInit: 0 ms QrCodeDetectInit: 7 ms SetupScreenShotWindow: 0 ms ShowScreenShotWindow: 23 ms After ShowScreenShotWindow: 0 ms
[2024-11-01 10:53:36.492] [RobinLog] [info] Qt: Preheat program start
[2024-11-01 10:53:36.584] [RobinLog] [info] Qt: Preheat program end
[2024-11-01 15:22:15.488] [RobinLog] [info] Qt: Preheat program start
[2024-11-01 15:22:15.619] [RobinLog] [info] Qt: Preheat program end
[2024-11-01 22:04:50.991] [RobinLog] [info] Qt: Spend Time: 428 ms before ScreenShot: 0 ms ScreenShot: 50 ms ScreenShotWidgetInit: 269 ms UiSpyInit: 93 ms ShortCutTipsInit: 0 ms QrCodeDetectInit: 5 ms SetupScreenShotWindow: 0 ms ShowScreenShotWindow: 11 ms After ShowScreenShotWindow: 0 ms
[2024-11-01 22:09:18.504] [RobinLog] [info] Qt: Preheat program start
[2024-11-01 22:09:18.569] [RobinLog] [info] Qt: Preheat program end
[2024-11-01 22:39:18.508] [RobinLog] [info] Qt: Preheat program start
[2024-11-01 22:39:18.605] [RobinLog] [info] Qt: Preheat program end
[2024-11-01 22:42:41.989] [RobinLog] [info] Qt: Spend Time: 485 ms before ScreenShot: 1 ms ScreenShot: 79 ms ScreenShotWidgetInit: 262 ms UiSpyInit: 97 ms ShortCutTipsInit: 0 ms QrCodeDetectInit: 34 ms SetupScreenShotWindow: 0 ms ShowScreenShotWindow: 12 ms After ShowScreenShotWindow: 0 ms
[2024-11-01 23:12:55.494] [RobinLog] [info] Qt: Preheat program start
[2024-11-01 23:12:55.564] [RobinLog] [info] Qt: Preheat program end
[2024-11-01 23:42:55.500] [RobinLog] [info] Qt: Preheat program start
[2024-11-01 23:42:55.571] [RobinLog] [info] Qt: Preheat program end
[2024-11-02 00:12:55.520] [RobinLog] [info] Qt: Preheat program start
[2024-11-02 00:12:55.584] [RobinLog] [info] Qt: Preheat program end
[2024-11-02 00:42:55.529] [RobinLog] [info] Qt: Preheat program start
[2024-11-02 00:42:55.598] [RobinLog] [info] Qt: Preheat program end
[2024-11-02 01:12:55.520] [RobinLog] [info] Qt: Preheat program start
[2024-11-02 01:12:55.596] [RobinLog] [info] Qt: Preheat program end
[2024-11-02 01:48:08.489] [RobinLog] [info] Qt: Preheat program start
[2024-11-02 01:48:08.559] [RobinLog] [info] Qt: Preheat program end
[2024-11-03 22:47:15.488] [RobinLog] [info] Qt: Preheat program start
[2024-11-03 22:47:15.558] [RobinLog] [info] Qt: Preheat program end
[2024-11-03 23:49:47.498] [RobinLog] [info] Qt: Preheat program start
[2024-11-03 23:49:47.600] [RobinLog] [info] Qt: Preheat program end
[2024-11-04 00:45:02.490] [RobinLog] [info] Qt: Preheat program start
[2024-11-04 00:45:02.618] [RobinLog] [info] Qt: Preheat program end
[2024-11-04 01:15:02.492] [RobinLog] [info] Qt: Preheat program start
[2024-11-04 01:15:02.543] [RobinLog] [info] Qt: Preheat program end
[2024-11-04 11:11:24.684] [RobinLog] [info] Qt: Spend Time: 928 ms before ScreenShot: 36 ms ScreenShot: 93 ms ScreenShotWidgetInit: 489 ms UiSpyInit: 196 ms ShortCutTipsInit: 0 ms QrCodeDetectInit: 91 ms SetupScreenShotWindow: 0 ms ShowScreenShotWindow: 22 ms After ShowScreenShotWindow: 1 ms
[2024-11-04 11:33:41.367] [RobinLog] [info] Qt: Spend Time: 354 ms before ScreenShot: 0 ms ScreenShot: 47 ms ScreenShotWidgetInit: 142 ms UiSpyInit: 127 ms ShortCutTipsInit: 0 ms QrCodeDetectInit: 18 ms SetupScreenShotWindow: 0 ms ShowScreenShotWindow: 20 ms After ShowScreenShotWindow: 0 ms
[2024-11-04 12:23:30.505] [RobinLog] [info] Qt: Preheat program start
[2024-11-04 12:23:30.623] [RobinLog] [info] Qt: Preheat program end
[2024-11-04 16:39:25.491] [RobinLog] [info] Qt: Preheat program start
[2024-11-04 16:39:25.589] [RobinLog] [info] Qt: Preheat program end
[2024-11-04 22:32:50.458] [RobinLog] [info] Qt: Spend Time: 576 ms before ScreenShot: 1 ms ScreenShot: 78 ms ScreenShotWidgetInit: 317 ms UiSpyInit: 152 ms ShortCutTipsInit: 0 ms QrCodeDetectInit: 9 ms SetupScreenShotWindow: 0 ms ShowScreenShotWindow: 19 ms After ShowScreenShotWindow: 0 ms
[2024-11-05 16:56:49.947] [RobinLog] [info] Qt: Spend Time: 495 ms before ScreenShot: 1 ms ScreenShot: 76 ms ScreenShotWidgetInit: 274 ms UiSpyInit: 110 ms ShortCutTipsInit: 0 ms QrCodeDetectInit: 15 ms SetupScreenShotWindow: 0 ms ShowScreenShotWindow: 19 ms After ShowScreenShotWindow: 0 ms
[2024-11-05 16:57:51.165] [RobinLog] [info] Qt: Spend Time: 426 ms before ScreenShot: 0 ms ScreenShot: 53 ms ScreenShotWidgetInit: 181 ms UiSpyInit: 161 ms ShortCutTipsInit: 0 ms QrCodeDetectInit: 14 ms SetupScreenShotWindow: 0 ms ShowScreenShotWindow: 17 ms After ShowScreenShotWindow: 0 ms
[2024-11-05 17:53:59.497] [RobinLog] [info] Qt: Preheat program start
[2024-11-05 17:53:59.623] [RobinLog] [info] Qt: Preheat program end
[2024-11-05 18:23:59.498] [RobinLog] [info] Qt: Preheat program start
[2024-11-05 18:23:59.602] [RobinLog] [info] Qt: Preheat program end
[2024-11-05 18:41:56.215] [RobinLog] [info] Qt: Spend Time: 992 ms before ScreenShot: 39 ms ScreenShot: 104 ms ScreenShotWidgetInit: 554 ms UiSpyInit: 180 ms ShortCutTipsInit: 0 ms QrCodeDetectInit: 86 ms SetupScreenShotWindow: 0 ms ShowScreenShotWindow: 29 ms After ShowScreenShotWindow: 0 ms
[2024-11-05 18:53:59.507] [RobinLog] [info] Qt: Preheat program start
[2024-11-05 18:53:59.632] [RobinLog] [info] Qt: Preheat program end
[2024-11-05 19:15:02.463] [RobinLog] [info] Qt: Spend Time: 461 ms before ScreenShot: 0 ms ScreenShot: 85 ms ScreenShotWidgetInit: 278 ms UiSpyInit: 79 ms ShortCutTipsInit: 0 ms QrCodeDetectInit: 9 ms SetupScreenShotWindow: 0 ms ShowScreenShotWindow: 10 ms After ShowScreenShotWindow: 0 ms
[2024-11-05 19:15:20.196] [RobinLog] [info] Qt: Spend Time: 103 ms before ScreenShot: 0 ms ScreenShot: 34 ms ScreenShotWidgetInit: 6 ms UiSpyInit: 45 ms ShortCutTipsInit: 0 ms QrCodeDetectInit: 5 ms SetupScreenShotWindow: 0 ms ShowScreenShotWindow: 13 ms After ShowScreenShotWindow: 0 ms
[2024-11-05 19:15:41.487] [RobinLog] [info] Qt: Spend Time: 110 ms before ScreenShot: 0 ms ScreenShot: 31 ms ScreenShotWidgetInit: 3 ms UiSpyInit: 59 ms ShortCutTipsInit: 0 ms QrCodeDetectInit: 4 ms SetupScreenShotWindow: 0 ms ShowScreenShotWindow: 13 ms After ShowScreenShotWindow: 0 ms
[2024-11-05 21:44:50.501] [RobinLog] [info] Qt: Preheat program start
[2024-11-05 21:44:50.572] [RobinLog] [info] Qt: Preheat program end
[2024-11-07 15:13:33.486] [RobinLog] [info] Qt: Preheat program start
[2024-11-07 15:13:33.578] [RobinLog] [info] Qt: Preheat program end
[2024-11-07 15:30:27.360] [RobinLog] [info] Qt: Spend Time: 671 ms before ScreenShot: 7 ms ScreenShot: 84 ms ScreenShotWidgetInit: 354 ms UiSpyInit: 123 ms ShortCutTipsInit: 0 ms QrCodeDetectInit: 74 ms SetupScreenShotWindow: 0 ms ShowScreenShotWindow: 29 ms After ShowScreenShotWindow: 0 ms
[2024-11-07 15:34:02.107] [RobinLog] [info] Qt: Spend Time: 447 ms before ScreenShot: 1 ms ScreenShot: 83 ms ScreenShotWidgetInit: 177 ms UiSpyInit: 142 ms ShortCutTipsInit: 0 ms QrCodeDetectInit: 18 ms SetupScreenShotWindow: 0 ms ShowScreenShotWindow: 26 ms After ShowScreenShotWindow: 0 ms
[2024-11-07 15:34:28.844] [RobinLog] [warning] Qt: deleteItself: "E:/PixPin/Data/2024-10-18_22-45-42-0.translate" failed
[2024-11-07 15:34:28.845] [RobinLog] [warning] Qt: deleteItself: "E:/PixPin/Data/2024-10-18_22-45-42-0.mark" failed
[2024-11-07 15:35:03.943] [RobinLog] [info] Qt: Spend Time: 428 ms before ScreenShot: 0 ms ScreenShot: 92 ms ScreenShotWidgetInit: 203 ms UiSpyInit: 87 ms ShortCutTipsInit: 0 ms QrCodeDetectInit: 18 ms SetupScreenShotWindow: 0 ms ShowScreenShotWindow: 28 ms After ShowScreenShotWindow: 0 ms
[2024-11-07 15:40:20.724] [RobinLog] [info] Qt: Spend Time: 515 ms before ScreenShot: 0 ms ScreenShot: 131 ms ScreenShotWidgetInit: 272 ms UiSpyInit: 68 ms ShortCutTipsInit: 0 ms QrCodeDetectInit: 18 ms SetupScreenShotWindow: 0 ms ShowScreenShotWindow: 26 ms After ShowScreenShotWindow: 0 ms
[2024-11-07 15:41:21.050] [RobinLog] [info] Qt: Spend Time: 286 ms before ScreenShot: 0 ms ScreenShot: 80 ms ScreenShotWidgetInit: 137 ms UiSpyInit: 48 ms ShortCutTipsInit: 0 ms QrCodeDetectInit: 10 ms SetupScreenShotWindow: 0 ms ShowScreenShotWindow: 11 ms After ShowScreenShotWindow: 0 ms
[2024-11-07 15:43:33.509] [RobinLog] [info] Qt: Preheat program start
[2024-11-07 15:43:33.661] [RobinLog] [info] Qt: Preheat program end
[2024-11-08 04:03:48.512] [RobinLog] [info] Qt: Preheat program start
[2024-11-08 04:03:48.686] [RobinLog] [info] Qt: Preheat program end
[2024-11-08 04:33:48.496] [RobinLog] [info] Qt: Preheat program start
[2024-11-08 04:33:48.612] [RobinLog] [info] Qt: Preheat program end
[2024-11-08 05:03:48.517] [RobinLog] [info] Qt: Preheat program start
[2024-11-08 05:03:48.628] [RobinLog] [info] Qt: Preheat program end
[2024-11-08 05:33:48.496] [RobinLog] [info] Qt: Preheat program start
[2024-11-08 05:33:48.599] [RobinLog] [info] Qt: Preheat program end
[2024-11-08 06:03:48.489] [RobinLog] [info] Qt: Preheat program start
[2024-11-08 06:03:48.553] [RobinLog] [info] Qt: Preheat program end
[2024-11-08 06:18:11.689] [RobinLog] [info] Qt: Spend Time: 783 ms before ScreenShot: 35 ms ScreenShot: 63 ms ScreenShotWidgetInit: 433 ms UiSpyInit: 153 ms ShortCutTipsInit: 0 ms QrCodeDetectInit: 83 ms SetupScreenShotWindow: 0 ms ShowScreenShotWindow: 16 ms After ShowScreenShotWindow: 0 ms
[2024-11-08 06:18:58.718] [RobinLog] [info] Qt: Spend Time: 177 ms before ScreenShot: 0 ms ScreenShot: 37 ms ScreenShotWidgetInit: 81 ms UiSpyInit: 43 ms ShortCutTipsInit: 0 ms QrCodeDetectInit: 5 ms SetupScreenShotWindow: 0 ms ShowScreenShotWindow: 11 ms After ShowScreenShotWindow: 0 ms
[2024-11-08 06:19:56.359] [RobinLog] [info] Qt: Spend Time: 167 ms before ScreenShot: 0 ms ScreenShot: 32 ms ScreenShotWidgetInit: 76 ms UiSpyInit: 42 ms ShortCutTipsInit: 0 ms QrCodeDetectInit: 5 ms SetupScreenShotWindow: 0 ms ShowScreenShotWindow: 12 ms After ShowScreenShotWindow: 0 ms
[2024-11-08 06:20:51.351] [RobinLog] [info] Qt: Spend Time: 191 ms before ScreenShot: 0 ms ScreenShot: 45 ms ScreenShotWidgetInit: 77 ms UiSpyInit: 48 ms ShortCutTipsInit: 0 ms QrCodeDetectInit: 9 ms SetupScreenShotWindow: 0 ms ShowScreenShotWindow: 12 ms After ShowScreenShotWindow: 0 ms
[2024-11-08 06:33:48.514] [RobinLog] [info] Qt: Preheat program start
[2024-11-08 06:33:48.592] [RobinLog] [info] Qt: Preheat program end
[2024-11-08 07:07:54.497] [RobinLog] [info] Qt: Preheat program start
[2024-11-08 07:07:54.571] [RobinLog] [info] Qt: Preheat program end
[2024-11-08 07:37:54.496] [RobinLog] [info] Qt: Preheat program start
[2024-11-08 07:37:54.528] [RobinLog] [info] Qt: Preheat program end
[2024-11-08 08:07:54.489] [RobinLog] [info] Qt: Preheat program start
[2024-11-08 08:07:54.555] [RobinLog] [info] Qt: Preheat program end
[2024-11-08 14:20:26.499] [RobinLog] [info] Qt: Preheat program start
[2024-11-08 14:20:26.705] [RobinLog] [info] Qt: Preheat program end
[2024-11-08 23:19:01.492] [RobinLog] [info] Qt: Preheat program start
[2024-11-08 23:19:01.607] [RobinLog] [info] Qt: Preheat program end
[2024-11-08 23:38:47.002] [RobinLog] [info] Qt: Spend Time: 595 ms before ScreenShot: 0 ms ScreenShot: 78 ms ScreenShotWidgetInit: 346 ms UiSpyInit: 118 ms ShortCutTipsInit: 0 ms QrCodeDetectInit: 21 ms SetupScreenShotWindow: 0 ms ShowScreenShotWindow: 32 ms After ShowScreenShotWindow: 0 ms
[2024-11-08 23:49:01.505] [RobinLog] [info] Qt: Preheat program start
[2024-11-08 23:49:01.641] [RobinLog] [info] Qt: Preheat program end
[2024-11-09 10:22:55.163] [RobinLog] [info] Qt: ScreenList  PixScreenManager
"\\\\.\\DISPLAY1"(""): Primary
    Geometry: QRect(0,0 1920x1080)
    AvailableGeometry: QRect(0,0 1920x1042)
    LogicalDotsPerInch: 120
    DevicePixelRatio: 1
    PixelRatio: 1.25
[2024-11-09 10:22:57.300] [RobinLog] [info] Qt: ScreenList  PixScreenManager
"\\\\.\\DISPLAY1"(""): Primary
    Geometry: QRect(0,0 1920x1080)
    AvailableGeometry: QRect(0,0 1920x1042)
    LogicalDotsPerInch: 120
    DevicePixelRatio: 1
    PixelRatio: 1.25
[2024-11-09 10:23:45.497] [RobinLog] [info] Qt: Preheat program start
[2024-11-09 10:23:45.566] [RobinLog] [info] Qt: Preheat program end
[2024-11-09 10:32:46.641] [RobinLog] [info] Qt: ScreenList  PixScreenManager
"\\\\.\\DISPLAY1"(""): Primary
    Geometry: QRect(0,0 1920x1080)
    AvailableGeometry: QRect(0,0 1920x1042)
    LogicalDotsPerInch: 120
    DevicePixelRatio: 1
    PixelRatio: 1.25
[2024-11-09 10:32:49.272] [RobinLog] [info] Qt: ScreenList  PixScreenManager
"\\\\.\\DISPLAY1"(""): Primary
    Geometry: QRect(0,0 1920x1080)
    AvailableGeometry: QRect(0,0 1920x1042)
    LogicalDotsPerInch: 120
    DevicePixelRatio: 1
    PixelRatio: 1.25
[2024-11-09 12:33:35.546] [RobinLog] [info] Qt: Preheat program start
[2024-11-09 12:33:35.650] [RobinLog] [info] Qt: Preheat program end
[2024-11-09 12:46:28.677] [RobinLog] [info] Qt: Spend Time: 1050 ms before ScreenShot: 13 ms ScreenShot: 157 ms ScreenShotWidgetInit: 457 ms UiSpyInit: 323 ms ShortCutTipsInit: 0 ms QrCodeDetectInit: 72 ms SetupScreenShotWindow: 0 ms ShowScreenShotWindow: 28 ms After ShowScreenShotWindow: 0 ms
[2024-11-09 13:03:35.504] [RobinLog] [info] Qt: Preheat program start
[2024-11-09 13:03:35.639] [RobinLog] [info] Qt: Preheat program end
[2024-11-09 13:33:35.505] [RobinLog] [info] Qt: Preheat program start
[2024-11-09 13:33:35.640] [RobinLog] [info] Qt: Preheat program end
[2024-11-09 14:03:35.505] [RobinLog] [info] Qt: Preheat program start
[2024-11-09 14:03:35.639] [RobinLog] [info] Qt: Preheat program end
[2024-11-09 14:33:35.513] [RobinLog] [info] Qt: Preheat program start
[2024-11-09 14:33:35.645] [RobinLog] [info] Qt: Preheat program end
[2024-11-09 15:03:35.503] [RobinLog] [info] Qt: Preheat program start
[2024-11-09 15:03:35.644] [RobinLog] [info] Qt: Preheat program end
[2024-11-09 15:33:37.519] [RobinLog] [info] Qt: Preheat program start
[2024-11-09 15:33:37.651] [RobinLog] [info] Qt: Preheat program end
[2024-11-09 16:07:14.494] [RobinLog] [info] Qt: Preheat program start
[2024-11-09 16:07:14.558] [RobinLog] [info] Qt: Preheat program end
[2024-11-09 16:37:14.488] [RobinLog] [info] Qt: Preheat program start
[2024-11-09 16:37:14.547] [RobinLog] [info] Qt: Preheat program end
[2024-11-09 17:07:14.511] [RobinLog] [info] Qt: Preheat program start
[2024-11-09 17:07:14.573] [RobinLog] [info] Qt: Preheat program end
[2024-11-09 19:16:13.502] [RobinLog] [info] Qt: Preheat program start
[2024-11-09 19:16:13.574] [RobinLog] [info] Qt: Preheat program end
[2024-11-09 19:46:13.495] [RobinLog] [info] Qt: Preheat program start
[2024-11-09 19:46:13.555] [RobinLog] [info] Qt: Preheat program end
[2024-11-09 20:55:17.501] [RobinLog] [info] Qt: Preheat program start
[2024-11-09 20:55:17.565] [RobinLog] [info] Qt: Preheat program end
[2024-11-09 21:06:50.596] [RobinLog] [info] Qt: Spend Time: 576 ms before ScreenShot: 35 ms ScreenShot: 62 ms ScreenShotWidgetInit: 335 ms UiSpyInit: 98 ms ShortCutTipsInit: 0 ms QrCodeDetectInit: 27 ms SetupScreenShotWindow: 0 ms ShowScreenShotWindow: 18 ms After ShowScreenShotWindow: 0 ms
[2024-11-09 21:25:17.498] [RobinLog] [info] Qt: Preheat program start
[2024-11-09 21:25:17.560] [RobinLog] [info] Qt: Preheat program end
[2024-11-09 23:58:47.496] [RobinLog] [info] Qt: Preheat program start
[2024-11-09 23:58:47.577] [RobinLog] [info] Qt: Preheat program end
[2024-11-10 00:28:47.498] [RobinLog] [info] Qt: Preheat program start
[2024-11-10 00:28:47.572] [RobinLog] [info] Qt: Preheat program end
[2024-11-10 00:58:47.511] [RobinLog] [info] Qt: Preheat program start
[2024-11-10 00:58:47.572] [RobinLog] [info] Qt: Preheat program end
[2024-11-10 01:28:47.503] [RobinLog] [info] Qt: Preheat program start
[2024-11-10 01:28:47.566] [RobinLog] [info] Qt: Preheat program end
[2024-11-10 01:58:47.514] [RobinLog] [info] Qt: Preheat program start
[2024-11-10 01:58:47.583] [RobinLog] [info] Qt: Preheat program end
[2024-11-10 02:58:46.491] [RobinLog] [info] Qt: Preheat program start
[2024-11-10 02:58:46.564] [RobinLog] [info] Qt: Preheat program end
[2024-11-10 03:28:46.494] [RobinLog] [info] Qt: Preheat program start
[2024-11-10 03:28:46.555] [RobinLog] [info] Qt: Preheat program end
[2024-11-10 03:58:46.488] [RobinLog] [info] Qt: Preheat program start
[2024-11-10 03:58:46.561] [RobinLog] [info] Qt: Preheat program end
[2024-11-10 04:26:16.478] [RobinLog] [info] Qt: Spend Time: 1142 ms before ScreenShot: 31 ms ScreenShot: 65 ms ScreenShotWidgetInit: 446 ms UiSpyInit: 115 ms ShortCutTipsInit: 0 ms QrCodeDetectInit: 69[2024-11-11 23:13:33.028] [RobinLog] [info] Qt: Crashpad version: "1.8.22.0"
[2024-11-11 23:13:33.041] [RobinLog] [info] Qt: ScreenList  PixScreenManager
"\\\\.\\DISPLAY1"(""): Primary
    Geometry: QRect(0,0 1920x1080)
    AvailableGeometry: QRect(0,0 1920x1042)
    LogicalDotsPerInch: 120
    DevicePixelRatio: 1
    PixelRatio: 1.25
[2024-11-11 23:13:33.263] [RobinLog] [info] Qt: Preheat program start
[2024-11-11 23:13:33.340] [RobinLog] [info] Qt: Preheat program end
[2024-11-11 23:15:53.259] [RobinLog] [info] Qt: ScreenList  PixScreenManager
"\\\\.\\DISPLAY1"(""): Primary
    Geometry: QRect(0,0 1920x1080)
    AvailableGeometry: QRect(0,0 1920x1040)
    LogicalDotsPerInch: 120
    DevicePixelRatio: 1
    PixelRatio: 1.25
[2024-11-11 23:17:56.970] [RobinLog] [info] Qt: ScreenList  PixScreenManager
"\\\\.\\DISPLAY1"(""): Primary
    Geometry: QRect(0,0 1920x1080)
    AvailableGeometry: QRect(0,0 1920x1042)
    LogicalDotsPerInch: 120
    DevicePixelRatio: 1
    PixelRatio: 1.25
[2024-11-11 23:18:00.645] [RobinLog] [info] Qt: Download  "https://download.pixpinapp.com/PixPin_1.9.5.0.exe"  to  "E:/PixPin/UpgradeFile/PixPin_1.9.5.0.exe"
[2024-11-11 23:18:41.254] [RobinLog] [info] Qt: onDownloadFinish: md5 match, file :  "E:/PixPin/UpgradeFile/PixPin_1.9.5.0.exe"
[2024-11-15 13:23:14.065] [RobinLog] [info] Qt: Crashpad version: "1.9.5.0"
[2024-11-15 13:23:14.079] [RobinLog] [info] Qt: ApplyConfigProxyToAppliction DefaultProxy """:0" ["Tunnel Listen UDP SctpTunnel SctpListen"]
[2024-11-15 13:23:15.388] [RobinLog] [info] Qt: ScreenList  PixScreenManager
"\\\\.\\DISPLAY1"(""): Primary
    Geometry: QRect(0,0 1920x1080)
    AvailableGeometry: QRect(0,0 1920x1042)
    LogicalDotsPerInch: 120
    DevicePixelRatio: 1
    PixelRatio: 1.25
[2024-11-15 13:23:15.478] [RobinLog] [info] Qt: Preheat program start
[2024-11-15 13:23:15.712] [RobinLog] [info] Qt: Preheat program end
[2024-11-15 13:47:13.867] [RobinLog] [info] Qt: Preheat program start
[2024-11-15 13:47:13.995] [RobinLog] [info] Qt: Preheat program end
[2024-11-15 14:12:13.868] [RobinLog] [info] Qt: Preheat program start
[2024-11-15 14:12:14.182] [RobinLog] [info] Qt: Preheat program end
[2024-11-15 19:41:27.541] [RobinLog] [info] Qt: Preheat program start
[2024-11-15 19:41:29.644] [RobinLog] [info] Qt: Preheat program end
[2024-11-17 00:13:34.537] [RobinLog] [info] Qt: Preheat program start
[2024-11-17 00:13:34.651] [RobinLog] [info] Qt: Preheat program end
[2024-11-17 01:11:44.489] [RobinLog] [info] Qt: Preheat program start
[2024-11-17 01:11:46.128] [RobinLog] [info] Qt: Preheat program end
[2024-11-17 01:39:08.561] [RobinLog] [info] Qt: Preheat program start
[2024-11-17 01:39:08.622] [RobinLog] [info] Qt: Preheat program end
[2024-11-17 01:58:52.723] [RobinLog] [info] Qt: ScreenList  PixScreenManager
"\\\\.\\DISPLAY1"(""): Primary
    Geometry: QRect(0,0 1920x1080)
    AvailableGeometry: QRect(0,0 1920x1042)
    LogicalDotsPerInch: 120
    DevicePixelRatio: 1
    PixelRatio: 1.25
[2024-11-17 02:04:08.564] [RobinLog] [info] Qt: Preheat program start
[2024-11-17 02:04:08.692] [RobinLog] [info] Qt: Preheat program end
[2024-11-17 02:29:10.450] [RobinLog] [info] Qt: ScreenList  PixScreenManager
"\\\\.\\DISPLAY1"(""): Primary
    Geometry: QRect(0,0 1920x1080)
    AvailableGeometry: QRect(0,0 1920x1042)
    LogicalDotsPerInch: 120
    DevicePixelRatio: 1
    PixelRatio: 1.25
[2024-11-17 02:39:00.524] [RobinLog] [info] Qt: Spend Time: 653 ms before ScreenShot: 26 ms ScreenShot: 78 ms ScreenShotWidgetInit: 34 ms UiSpyInit: 290 ms ShortCutTipsInit: 0 ms QrCodeDetectInit: 0 ms SetupScreenShotWindow: 0 ms ShowScreenShotWindow: 87 ms After ShowScreenShotWindow: 1 ms
[2024-11-17 02:39:15.712] [RobinLog] [info] Qt: Spend Time: 241 ms before ScreenShot: 0 ms ScreenShot: 43 ms ScreenShotWidgetInit: 3 ms UiSpyInit: 66 ms ShortCutTipsInit: 0 ms QrCodeDetectInit: 0 ms SetupScreenShotWindow: 0 ms ShowScreenShotWindow: 16 ms After ShowScreenShotWindow: 0 ms
[2024-11-17 02:39:46.590] [RobinLog] [info] Qt: Spend Time: 137 ms before ScreenShot: 0 ms ScreenShot: 41 ms ScreenShotWidgetInit: 14 ms UiSpyInit: 48 ms ShortCutTipsInit: 0 ms QrCodeDetectInit: 0 ms SetupScreenShotWindow: 0 ms ShowScreenShotWindow: 12 ms After ShowScreenShotWindow: 0 ms
[2024-11-17 02:40:18.384] [RobinLog] [info] Qt: Spend Time: 168 ms before ScreenShot: 0 ms ScreenShot: 58 ms ScreenShotWidgetInit: 9 ms UiSpyInit: 67 ms ShortCutTipsInit: 0 ms QrCodeDetectInit: 0 ms SetupScreenShotWindow: 0 ms ShowScreenShotWindow: 14 ms After ShowScreenShotWindow: 0 ms
[2024-11-17 02:43:08.528] [RobinLog] [info] Qt: Preheat program start
[2024-11-17 02:43:09.394] [RobinLog] [info] Qt: Preheat program end
[2024-11-17 02:59:24.253] [RobinLog] [info] Qt: Spend Time: 196 ms before ScreenShot: 0 ms ScreenShot: 81 ms ScreenShotWidgetInit: 6 ms UiSpyInit: 78 ms ShortCutTipsInit: 0 ms QrCodeDetectInit: 0 ms SetupScreenShotWindow: 0 ms ShowScreenShotWindow: 12 ms After ShowScreenShotWindow: 0 ms
[2024-11-17 03:00:13.943] [RobinLog] [info] Qt: Spend Time: 111 ms before ScreenShot: 1 ms ScreenShot: 39 ms ScreenShotWidgetInit: 5 ms UiSpyInit: 36 ms ShortCutTipsInit: 0 ms QrCodeDetectInit: 0 ms SetupScreenShotWindow: 0 ms ShowScreenShotWindow: 11 ms After ShowScreenShotWindow: 0 ms
[2024-11-17 03:08:08.534] [RobinLog] [info] Qt: Preheat program start
[2024-11-17 03:08:08.636][2024-11-17 16:44:26.231] [RobinLog] [info] Qt: Crashpad version: "1.9.5.0"
[2024-11-17 16:44:26.248] [RobinLog] [info] Qt: ApplyConfigProxyToAppliction DefaultProxy """:0" ["Tunnel Listen UDP SctpTunnel SctpListen"]
[2024-11-17 16:44:27.141] [RobinLog] [info] Qt: ScreenList  PixScreenManager
"\\\\.\\DISPLAY1"(""): Primary
    Geometry: QRect(0,0 1920x1080)
    AvailableGeometry: QRect(0,0 1920x1042)
    LogicalDotsPerInch: 120
    DevicePixelRatio: 1
    PixelRatio: 1.25
[2024-11-17 16:44:27.211] [RobinLog] [info] Qt: Preheat program start
[2024-11-17 16:44:27.430] [RobinLog] [info] Qt: Preheat program end
[2024-11-17 16:44:28.502] [RobinLog] [info] Qt: Spend Time: 541 ms before ScreenShot: 0 ms ScreenShot: 115 ms ScreenShotWidgetInit: 21 ms UiSpyInit: 240 ms ShortCutTipsInit: 0 ms QrCodeDetectInit: 0 ms SetupScreenShotWindow: 0 ms ShowScreenShotWindow: 151 ms After ShowScreenShotWindow: 0 ms
[2024-11-17 20:36:06.160] [RobinLog] [info] Qt: Spend Time: 204 ms before ScreenShot: 0 ms ScreenShot: 98 ms ScreenShotWidgetInit: 12 ms UiSpyInit: 72 ms ShortCutTipsInit: 0 ms QrCodeDetectInit: 0 ms SetupScreenShotWindow: 0 ms ShowScreenShotWindow: 8 ms After ShowScreenShotWindow: 1 ms
[2024-11-17 20:36:09.918] [RobinLog] [info] Qt: Spend Time: 122 ms before ScreenShot: 0 ms ScreenShot: 49 ms ScreenShotWidgetInit: 11 ms UiSpyInit: 40 ms ShortCutTipsInit: 0 ms QrCodeDetectInit: 0 ms SetupScreenShotWindow: 0 ms ShowScreenShotWindow: 10 ms After ShowScreenShotWindow: 0 ms
[2024-11-17 20:49:57.569] [RobinLog] [info] Qt: Preheat program start
[2024-11-17 20:49:57.705] [RobinLog] [info] Qt: Preheat program end
[2024-11-19 02:09:26.525] [RobinLog] [info] Qt: Preheat program start
[2024-11-19 02:09:28.030] [RobinLog] [info] Qt: Preheat program end
[2024-11-23 18:24:23.535] [RobinLog] [info] Qt: ScreenList  PixScreenManager
"\\\\.\\DISPLAY1"(""): Primary
    Geometry: QRect(0,0 1920x1080)
    AvailableGeometry: QRect(0,0 1920x1042)
    LogicalDotsPerInch: 120
    DevicePixelRatio: 1
    PixelRatio: 1.25
[2024-11-23 18:24:55.283] [RobinLog] [info] Qt: ScreenList  PixScreenManager
"\\\\.\\DISPLAY1"(""): Primary
    Geometry: QRect(0,0 1920x1080)
    AvailableGeometry: QRect(0,0 1920x1042)
    LogicalDotsPerInch: 120
    DevicePixelRatio: 1
    PixelRatio: 1.25
[2024-11-23 18:39:20.547] [RobinLog] [info] Qt: Preheat program start
[2024-11-23 18:39:21.460] [RobinLog] [info] Qt: Preheat program end
[2024-11-23 19:04:20.536] [RobinLog] [info] Qt: Preheat program start
[2024-11-23 19:04:21.763] [RobinLog] [info] Qt: Preheat program end
[2024-11-23 19:55:24.567] [RobinLog] [info] Qt: Preheat program start
[2024-11-23 19:55:25.618] [RobinLog] [info] Qt: Preheat program end
[2024-11-23 20:28:17.501] [RobinLog] [info] Qt: Preheat program start
[2024-11-23 20:28:17.567] [RobinLog] [info] Qt: Preheat program end
[2024-11-24 00:55:36.572] [RobinLog] [info] Qt: Preheat program start
[2024-11-24 00:55:36.648] [RobinLog] [info] Qt: Preheat program end
[2024-11-24 03:23:50.538] [RobinLog] [info] Qt: Preheat program start
[2024-11-24 03:23:50.606] [RobinLog] [info] Qt: Preheat program end
[2024-11-24 03:48:50.541] [RobinLog] [info] Qt: Preheat program start
[2024-11-24 03:48:50.652] [RobinLog] [info] Qt: Preheat program end
[2024-11-24 04:13:58.538] [RobinLog] [info] Qt: Preheat program start
[2024-11-24 04:13:58.642] [RobinLog] [info] Qt: Preheat program end
[2024-11-24 04:14:04.074] [RobinLog] [info] Qt: Spend Time: 513 ms before ScreenShot: 11 ms ScreenShot: 51 ms ScreenShotWidgetInit: 18 ms UiSpyInit: 316 ms ShortCutTipsInit: 0 ms QrCodeDetectInit: 0 ms SetupScreenShotWindow: 0 ms ShowScreenShotWindow: 7 ms After ShowScreenShotWindow: 0 ms
[2024-11-24 04:38:58.549] [RobinLog] [info] Qt: Preheat program start
[2024-11-24 04:38:58.657] [RobinLog] [info] Qt: Preheat program end
[2024-11-24 04:44:18.145] [RobinLog] [info] Qt: Spend Time: 249 ms before ScreenShot: 0 ms ScreenShot: 125 ms ScreenShotWidgetInit: 14 ms UiSpyInit: 82 ms ShortCutTipsInit: 0 ms QrCodeDetectInit: 0 ms SetupScreenShotWindow: 0 ms ShowScreenShotWindow: 10 ms After ShowScreenShotWindow: 0 ms
[2024-11-24 05:03:58.621] [RobinLog] [info] Qt: Preheat program start
[2024-11-24 05:03:58.688] [RobinLog] [info] Qt: Preheat program end
[2024-11-24 05:12:36.972] [RobinLog] [info] Qt: ScreenList  PixScreenManager
"\\\\.\\DISPLAY1"(""): Primary
    Geometry: QRect(0,0 1920x1080)
    AvailableGeometry: QRect(0,0 1920x1042)
    LogicalDotsPerInch: 120
    DevicePixelRatio: 1
    PixelRatio: 1.25
[2024-11-24 05:13:04.625] [RobinLog] [info] Qt: ScreenList  PixScreenManager
"\\\\.\\DISPLAY2"(""): Primary
    Geometry: QRect(0,0 1920x1080)
    AvailableGeometry: QRect(0,0 1920x1042)
    LogicalDotsPerInch: 96
    DevicePixelRatio: 1
    PixelRatio: 1
[2024-11-24 05:13:06.152] [RobinLog] [info] Qt: ScreenList  PixScreenManager
"\\\\.\\DISPLAY2"(""): Primary
    Geometry: QRect(0,0 1920x1080)
    AvailableGeometry: QRect(0,0 1920x1050)
    LogicalDotsPerInch: 96
    DevicePixelRatio: 1
    PixelRatio: 1
[2024-11-24 05:13:07.935] [RobinLog] [info] Qt: ScreenList  PixScreenManager
"\\\\.\\DISPLAY2"(""): Primary
    Geometry: QRect(0,0 1920x1080)
    AvailableGeometry: QRect(0,0 1920x1042)
    LogicalDotsPerInch: 96
    DevicePixelRatio: 1
    PixelRatio: 1
[2024-11-24 05:13:09.477] [RobinLog] [info] Qt: ScreenList  PixScreenManager
"\\\\.\\DISPLAY2"(""): Primary
    Geometry: QRect(0,0 1920x1080)
    AvailableGeometry: QRect(0,0 1920x1050)
    LogicalDotsPerInch: 96
    DevicePixelRatio: 1
    PixelRatio: 1
[2024-11-24 05:14:57.889] [RobinLog] [info] Qt: ScreenList  PixScreenManager
"\\\\.\\DISPLAY1"(""): Primary
    Geometry: QRect(0,0 1920x1080)
    AvailableGeometry: QRect(0,0 1920x1050)
    LogicalDotsPerInch: 120
    DevicePixelRatio: 1
    PixelRatio: 1.25
[2024-11-24 05:15:00.309] [RobinLog] [info] Qt: ScreenList  PixScreenManager
"\\\\.\\DISPLAY1"(""): Primary
    Geometry: QRect(0,0 1920x1080)
    AvailableGeometry: QRect(0,0 1920x1042)
    LogicalDotsPerInch: 120
    DevicePixelRatio: 1
    PixelRatio: 1.25
[2024-11-24 05:15:02.054] [RobinLog] [info] Qt: ScreenList  PixScreenManager
"\\\\.\\DISPLAY1"(""): Primary
    Geometry: QRect(0,0 1920x1080)
    AvailableGeometry: QRect(0,0 1920x1050)
    LogicalDotsPerInch: 120
    DevicePixelRatio: 1
    PixelRatio: 1.25
[2024-11-24 05:15:04.159] [RobinLog] [info] Qt: ScreenList  PixScreenManager
"\\\\.\\DISPLAY1"(""): Primary
    Geometry: QRect(0,0 1920x1080)
    AvailableGeometry: QRect(0,0 1920x1042)
    LogicalDotsPerInch: 120
    DevicePixelRatio: 1
    PixelRatio: 1.25
[2024-11-24 05:28:58.706] [RobinLog] [info] Qt: Preheat program start
[2024-11-24 05:28:58.771] [RobinLog] [info] Qt: Preheat program end
[2024-11-24 05:53:58.701] [RobinLog] [info] Qt: Preheat program start
[2024-11-24 05:53:58.796] [RobinLog] [info] Qt: Preheat program end
[2024-11-24 19:18:33.056] [RobinLog] [info] Qt: ScreenList  PixScreenManager
"\\\\.\\DISPLAY1"(""): Primary
    Geometry: QRect(0,0 1920x1080)
    AvailableGeometry: QRect(0,0 1920x1042)
    LogicalDotsPerInch: 120
    DevicePixelRatio: 1
    PixelRatio: 1.25
[2024-11-24 19:21:16.542] [RobinLog] [info] Qt: Preheat program start
[2024-11-24 19:21:16.699] [RobinLog] [info] Qt: Preheat program end
[2024-11-26 02:02:51.541] [RobinLog] [info] Qt: Preheat program start
[2024-11-26 02:02:53.230] [RobinLog] [info] Qt: Preheat program end
[2024-11-26 02:25:15.205] [RobinLog] [info] Qt: ScreenList  PixScreenManager
"\\\\.\\DISPLAY1"(""): Primary
    Geometry: QRect(0,0 1920x1080)
    AvailableGeometry: QRect(0,0 1920x1042)
    LogicalDotsPerInch: 120
    DevicePixelRatio: 1
    PixelRatio: 1.25
[2024-11-26 02:25:25.037] [RobinLog] [info] Qt: ScreenList  PixScreenManager
"\\\\.\\DISPLAY1"(""): Primary
    Geometry: QRect(0,0 1920x1080)
    AvailableGeometry: QRect(0,0 1920x1042)
    LogicalDotsPerInch: 120
    DevicePixelRatio: 1
    PixelRatio: 1.25
[2024-11-26 02:27:51.562] [RobinLog] [info] Qt: Preheat program start
[2024-11-26 02:27:51.827] [RobinLog] [info] Qt: Preheat program end
[2024-11-26 10:41:59.491] [RobinLog] [info] Qt: Preheat program start
[2024-11-26 10:42:01.389] [RobinLog] [info] Qt: Preheat program end
[2024-11-26 11:06:59.538] [RobinLog] [info] Qt: Preheat program start
[2024-11-26 11:07:00.073] [RobinLog] [info] Qt: Preheat program end
[2024-11-26 11:34:25.517] [RobinLog] [info] Qt: Preheat program start
[2024-11-26 11:34:25.674] [RobinLog] [info] Qt: Preheat program end
[2024-11-26 11:59:28.325] [RobinLog] [info] Qt: Preheat program start
[2024-11-26 11:59:28.492] [RobinLog] [info] Qt: Preheat program end
[2024-11-26 12:04:31.452] [RobinLog] [info] Qt: Spend Time: 773 ms before ScreenShot: 12 ms ScreenShot: 106 ms ScreenShotWidgetInit: 39 ms UiSpyInit: 424 ms ShortCutTipsInit: 0 ms QrCodeDetectInit: 0 ms SetupScreenShotWindow: 0 ms ShowScreenShotWindow: 18 ms After ShowScreenShotWindow: 0 ms
[2024-11-26 12:24:28.335] [RobinLog] [info] Qt: Preheat program start
[2024-11-26 12:24:28.435] [RobinLog] [info] Qt: Preheat program end
[2024-11-26 12:49:28.327] [RobinLog] [info] Qt: Preheat program start
[2024-11-26 12:49:28.473] [RobinLog] [info] Qt: Preheat program end
[2024-11-27 02:06:14.499] [RobinLog] [info] Qt: Preheat program start
[2024-11-27 02:06:15.984] [RobinLog] [info] Qt: Preheat program end
[2024-11-27 02:26:15.530] [RobinLog] [info] Qt: Spend Time: 340 ms before ScreenShot: 0 ms ScreenShot: 91 ms ScreenShotWidgetInit: 27 ms UiSpyInit: 182 ms ShortCutTipsInit: 0 ms QrCodeDetectInit: 0 ms SetupScreenShotWindow: 0 ms ShowScreenShotWindow: 9 ms After ShowScreenShotWindow: 0 ms
[2024-11-27 02:31:14.532] [RobinLog] [info] Qt: Preheat program start
[2024-11-27 02:31:14.673] [RobinLog] [info] Qt: Preheat program end
[2024-11-27 02:48:12.502] [RobinLog] [info] Qt: Spend Time: 258 ms before ScreenShot: 1 ms ScreenShot: 148 ms ScreenShotWidgetInit: 17 ms UiSpyInit: 56 ms ShortCutTipsInit: 0 ms QrCodeDetectInit: 0 ms SetupScreenShotWindow: 0 ms ShowScreenShotWindow: 11 ms After ShowScreenShotWindow: 0 ms
[2024-11-27 02:56:14.536] [RobinLog] [info] Qt: Preheat program start
[2024-11-27 02:56:14.613] [RobinLog] [info] Qt: Preheat program end
[2024-11-27 03:21:14.557] [RobinLog] [info] Qt: Preheat program start
[2024-11-27 03:21:14.674] [RobinLog] [info] Qt: Preheat program end
[2024-11-27 10:27:26.083] [RobinLog] [info] Qt: ScreenList  PixScreenManager
"\\\\.\\DISPLAY1"(""): Primary
    Geometry: QRect(0,0 1920x1080)
    AvailableGeometry: QRect(0,0 1920x1042)
    LogicalDotsPerInch: 120
    DevicePixelRatio: 1
    PixelRatio: 1.25
[2024-11-27 10:29:48.219] [RobinLog] [info] Qt: Spend Time: 687 ms before ScreenShot: 32 ms ScreenShot: 111 ms ScreenShotWidgetInit: 69 ms UiSpyInit: 212 ms ShortCutTipsInit: 0 ms QrCodeDetectInit: 0 ms SetupScreenShotWindow: 0 ms ShowScreenShotWindow: 18 ms After ShowScreenShotWindow: 1 ms
[2024-11-27 12:00:25.517] [RobinLog] [info] Qt: Preheat program start
[2024-11-27 12:00:26.392] [RobinLog] [info] Qt: Preheat program end
[2024-11-27 19:52:22.185] [RobinLog] [info] Qt: ScreenList  PixScreenManager
"\\\\.\\DISPLAY1"(""): Primary
    Geometry: QRect(0,0 1920x1080)
    AvailableGeometry: QRect(0,0 1920x1042)
    LogicalDotsPerInch: 120
    DevicePixelRatio: 1
    PixelRatio: 1.25
[2024-11-27 19:53:28.378] [RobinLog] [info] Qt: Spend Time: 250 ms before ScreenShot: 0 ms ScreenShot: 53 ms ScreenShotWidgetInit: 7 ms UiSpyInit: 115 ms ShortCutTipsInit: 0 ms QrCodeDetectInit: 0 ms SetupScreenShotWindow: 0 ms ShowScreenShotWindow: 9 ms After ShowScreenShotWindow: 0 ms
[2024-11-27 19:59:03.538] [RobinLog] [info] Qt: Preheat program start
[2024-11-27 19:59:04.385] [RobinLog] [info] Qt: Preheat program end
[2024-11-27 20:24:03.574] [RobinLog] [info] Qt: Preheat program start
[2024-11-27 20:24:03.678] [RobinLog] [info] Qt: Preheat program end
[2024-11-27 20:49:05.919] [RobinLog] [info] Qt: Preheat program start
[2024-11-27 20:49:06.084] [RobinLog] [info] Qt: Preheat program end
[2024-11-27 22:30:16.543] [RobinLog] [info] Qt: Preheat program start
[2024-11-27 22:30:16.618] [RobinLog] [info] Qt: Preheat program end
[2024-11-27 23:22:12.510] [RobinLog] [info] Qt: Preheat program start
[2024-11-27 23:22:12.582] [RobinLog] [info] Qt: Preheat program end
[2024-11-28 15:13:32.498] [RobinLog] [info] Qt: Preheat program start
[2024-11-28 15:13:33.759] [RobinLog] [info] Qt: Preheat program end
[2024-11-29 22:19:38.499] [RobinLog] [info] Qt: Preheat program start
[2024-11-29 22:19:38.627] [RobinLog] [info] Qt: Preheat program end
[2024-11-29 22:24:18.114] [RobinLog] [info] Qt: Spend Time: 682 ms before ScreenShot: 38 ms ScreenShot: 107 ms ScreenShotWidgetInit: 94 ms UiSpyInit: 321 ms ShortCutTipsInit: 0 ms QrCodeDetectInit: 0 ms SetupScreenShotWindow: 0 ms ShowScreenShotWindow: 16 ms After ShowScreenShotWindow: 1 ms
[2024-11-29 22:42:02.271] [RobinLog] [info] Qt: Spend Time: 286 ms before ScreenShot: 0 ms ScreenShot: 108 ms ScreenShotWidgetInit: 23 ms UiSpyInit: 111 ms ShortCutTipsInit: 0 ms QrCodeDetectInit: 0 ms SetupScreenShotWindow: 0 ms ShowScreenShotWindow: 14 ms After ShowScreenShotWindow: 0 ms
[2024-11-29 22:44:38.499] [RobinLog] [info] Qt: Preheat program start
[2024-11-29 22:44:40.227] [RobinLog] [info] Qt: Preheat program end
[2024-11-29 23:09:38.507] [RobinLog] [info] Qt: Preheat program start
[2024-11-29 23:09:38.578] [RobinLog] [info] Qt: Preheat program end
[2024-11-29 23:27:13.552] [RobinLog] [info] Qt: ScreenList  PixScreenManager
"\\\\.\\DISPLAY1"(""): Primary
    Geometry: QRect(0,0 1920x1080)
    AvailableGeometry: QRect(0,0 1920x1042)
    LogicalDotsPerInch: 120
    DevicePixelRatio: 1
    PixelRatio: 1.25
[2024-11-29 23:58:57.492] [RobinLog] [info] Qt: Preheat program start
[2024-11-29 23:58:58.487] [RobinLog] [info] Qt: Preheat program end
[2024-11-30 00:23:57.498] [RobinLog] [info] Qt: Preheat program start
[2024-11-30 00:23:57.596] [RobinLog] [info] Qt: Preheat program end
[2024-11-30 00:48:57.523] [RobinLog] [info] Qt: Preheat program start
[2024-11-30 00:48:58.073] [RobinLog] [info] Qt: Preheat program end
[2024-11-30 01:13:57.529] [RobinLog] [info] Qt: Preheat program start
[2024-11-30 01:13:57.625] [RobinLog] [info] Qt: Preheat program end
[2024-11-30 01:38:57.531] [RobinLog] [info] Qt: Preheat program start
[2024-11-30 01:38:57.670] [RobinLog] [info] Qt: Preheat program end
[2024-11-30 14:15:56.500] [RobinLog] [info] Qt: Preheat program start
[2024-11-30 14:15:56.656] [RobinLog] [info] Qt: Preheat program end
[2024-11-30 14:40:56.497] [RobinLog] [info] Qt: Preheat program start
[2024-11-30 14:40:57.396] [RobinLog] [info] Qt: Preheat program end
[2024-12-01 06:07:10.488] [RobinLog] [info] Qt: Preheat program start
[2024-12-01 06:07:11.528] [RobinLog] [info] Qt: Preheat program end
[2024-12-02 00:20:23.492] [RobinLog] [info] Qt: Preheat program start
[2024-12-02 00:20:24.489] [RobinLog] [info] Qt: Preheat program end
[2024-12-02 01:09:01.499] [RobinLog] [info] Qt: Preheat program start
[2024-12-02 01:09:02.485] [RobinLog] [info] Qt: Preheat program end
[2024-12-02 01:34:01.495] [RobinLog] [info] Qt: Preheat program start
[2024-12-02 01:34:01.563] [RobinLog] [info] Qt: Preheat program end
[2024-12-02 01:59:01.501] [RobinLog] [info] Qt: Preheat program start
[2024-12-02 01:59:01.569] [RobinLog] [info] Qt: Preheat program end
[2024-12-02 02:24:04.021] [RobinLog] [info] Qt: Preheat program start
[2024-12-02 02:24:04.119] [RobinLog] [info] Qt: Preheat program end
[2024-12-02 02:45:15.850] [RobinLog] [info] Qt: Spend Time: 656 ms before ScreenShot: 29 ms ScreenShot: 76 ms ScreenShotWidgetInit: 42 ms UiSpyInit: 192 ms ShortCutTipsInit: 0 ms QrCodeDetectInit: 0 ms SetupScreenShotWindow: 0 ms ShowScreenShotWindow: 13 ms After ShowScreenShotWindow: 1 ms
[2024-12-02 02:57:27.500] [RobinLog] [info] Qt: Preheat program start
[2024-12-02 02:57:27.570] [RobinLog] [info] Qt: Preheat program end
[2024-12-02 11:28:10.536] [RobinLog] [info] Qt: Preheat program start
[2024-12-02 11:28:11.032] [RobinLog] [info] Qt: Preheat program end
[2024-12-03 00:40:03.505] [RobinLog] [info] Qt: Preheat program start
[2024-12-03 00:40:05.040] [RobinLog] [info] Qt: Preheat program end
[2024-12-03 01:05:03.506] [RobinLog] [info] Qt: Preheat program start
[2024-12-03 01:05:03.569] [RobinLog] [info] Qt: Preheat program e[2024-12-12 14:40:22.242] [RobinLog] [info] Qt: Crashpad version: "1.9.5.0"
[2024-12-12 14:40:22.257] [RobinLog] [info] Qt: ApplyConfigProxyToAppliction DefaultProxy """:0" ["Tunnel Listen UDP SctpTunnel SctpListen"]
[2024-12-12 14:40:23.341] [RobinLog] [info] Qt: ScreenList  PixScreenManager
"\\\\.\\DISPLAY1"(""): Primary
    Geometry: QRect(0,0 1920x1080)
    AvailableGeometry: QRect(0,0 1920x1042)
    LogicalDotsPerInch: 120
    DevicePixelRatio: 1
    PixelRatio: 1.25
[2024-12-12 14:40:23.429] [RobinLog] [info] Qt: Preheat program start
[2024-12-12 14:40:23.657] [RobinLog] [info] Qt: Preheat program end
[2024-12-12 14:40:24.416] [RobinLog] [info] Qt: Spend Time: 562 ms before ScreenShot: 1 ms ScreenShot: 124 ms ScreenShotWidgetInit: 15 ms UiSpyInit: 276 ms ShortCutTipsInit: 0 ms QrCodeDetectInit: 0 ms SetupScreenShotWindow: 0 ms ShowScreenShotWindow: 135 ms After ShowScreenShotWindow: 0 ms
[2024-12-12 14:40:41.111] [RobinLog] [info] Qt: Spend Time: 214 ms before ScreenShot: 0 ms ScreenShot: 64 ms ScreenShotWidgetInit: 14 ms UiSpyInit: 103 ms ShortCutTipsInit: 0 ms QrCodeDetectInit: 0 ms SetupScreenShotWindow: 0 ms ShowScreenShotWindow: 11 ms After ShowScreenShotWindow: 1 ms
[2024-12-12 22:06:32.135] [RobinLog] [info] Qt: Spend Time: 230 ms before ScreenShot: 0 ms ScreenShot: 74 ms ScreenShotWidgetInit: 18 ms UiSpyInit: 109 ms ShortCutTipsInit: 0 ms QrCodeDetectInit: 0 ms SetupScreenShotWindow: 0 ms ShowScreenShotWindow: 9 ms After ShowScreenShotWindow: 0 ms
[2024-12-12 22:07:35.314] [RobinLog] [info] Qt: Spend Time: 186 ms before ScreenShot: 0 ms ScreenShot: 62 ms ScreenShotWidgetInit: 13 ms UiSpyInit: 82 ms ShortCutTipsInit: 0 ms QrCodeDetectInit: 0 ms SetupScreenShotWindow: 0 ms ShowScreenShotWindow: 11 ms After ShowScreenShotWindow: 0 ms
[2024-12-12 22:07:48.736] [RobinLog] [info] Qt: Spend Time: 153 ms before ScreenShot: 0 ms ScreenShot: 54 ms ScreenShotWidgetInit: 9 ms UiSpyInit: 72 ms ShortCutTipsInit: 0 ms QrCodeDetectInit: 0 ms SetupScreenShotWindow: 0 ms ShowScreenShotWindow: 7 ms After ShowScreenShotWindow: 0 ms
[2024-12-12 22:07:53.606] [RobinLog] [info] Qt: Spend Time: 236 ms before ScreenShot: 1 ms ScreenShot: 75 ms ScreenShotWidgetInit: 10 ms UiSpyInit: 116 ms ShortCutTipsInit: 0 ms QrCodeDetectInit: 0 ms SetupScreenShotWindow: 0 ms ShowScreenShotWindow: 16 ms After ShowScreenShotWindow: 0 ms
[2024-12-12 22:08:10.851] [RobinLog] [info] Qt: Spend Time: 185 ms before ScreenShot: 0 ms ScreenShot: 74 ms ScreenShotWidgetInit: 11 ms UiSpyInit: 72 ms ShortCutTipsInit: 0 ms QrCodeDetectInit: 0 ms SetupScreenShotWindow: 0 ms ShowScreenShotWindow: 11 ms After ShowScreenShotWindow: 0 ms
[2024-12-12 22:09:56.557] [RobinLog] [info] Qt: Preheat program start
[2024-12-12 22:09:56.724] [RobinLog] [info] Qt: Preheat program end
[2024-12-13 00:43:27.840] [RobinLog] [info] Qt: ScreenList  PixScreenManager
"\\\\.\\DISPLAY1"(""): Primary
    Geometry: QRect(0,0 1920x1080)
    AvailableGeometry: QRect(0,0 1920x1042)
    LogicalDotsPerInch: 120
    DevicePixelRatio: 1
    PixelRatio: 1.25
[2024-12-13 00:44:14.796] [RobinLog] [info] Qt: Spend Time: 179 ms before ScreenShot: 0 ms ScreenShot: 60 ms ScreenShotWidgetInit: 7 ms UiSpyInit: 61 ms ShortCutTipsInit: 0 ms QrCodeDetectInit: 0 ms SetupScreenShotWindow: 0 ms ShowScreenShotWindow: 9 ms After ShowScreenShotWindow: 0 ms
[2024-12-13 16:21:00.697] [RobinLog] [info] Qt: ScreenList  PixScreenManager
"\\\\.\\DISPLAY1"(""): Primary
    Geometry: QRect(0,0 1920x1080)
    AvailableGeometry: QRect(0,0 1920x1042)
    LogicalDotsPerInch: 120
    DevicePixelRatio: 1
    PixelRatio: 1.25
[2024-12-16 16:56:15.828] [RobinLog] [info] Qt: ScreenList  PixScreenManager
"\\\\.\\DISPLAY1"(""): Primary
    Geometry: QRect(0,0 1920x1080)
    AvailableGeometry: QRect(0,0 1920x1042)
    LogicalDotsPerInch: 120
    DevicePixelRatio: 1
    PixelRatio: 1.25
[2024-12-16 16:58:01.833] [RobinLog] [info] Qt: ScreenList  PixScreenManager
"\\\\.\\DISPLAY1"(""): Primary
    Geometry: QRect(0,0 1920x1080)
    AvailableGeometry: QRect(0,0 1920x1042)
    LogicalDotsPerInch: 120
    DevicePixelRa[2024-12-17 03:26:51.250] [RobinLog] [info] Qt: Crashpad version: "1.9.5.0"
[2024-12-17 03:26:51.261] [RobinLog] [info] Qt: ApplyConfigProxyToAppliction DefaultProxy """:0" ["Tunnel Listen UDP SctpTunnel SctpListen"]
[2024-12-17 03:26:51.965] [RobinLog] [info] Qt: ScreenList  PixScreenManager
"\\\\.\\DISPLAY1"(""): Primary
    Geometry: QRect(0,0 1920x1080)
    AvailableGeometry: QRect(0,0 1920x1042)
    LogicalDotsPerInch: 120
    DevicePixelRatio: 1
    PixelRatio: 1.25
[2024-12-17 03:26:52.020] [RobinLog] [info] Qt: Preheat program start
[2024-12-17 03:26:52.142] [RobinLog] [info] Qt: Preheat program end
[2024-12-17 03:26:52.584] [RobinLog] [info] Qt: Spend Time: 291 ms before ScreenShot: 1 ms ScreenShot: 59 ms ScreenShotWidgetInit: 6 ms UiSpyInit: 141 ms ShortCutTipsInit: 0 ms QrCodeDetectInit: 0 ms SetupScreenShotWindow: 0 ms ShowScreenShotWindow: 78 ms After ShowScreenShotWindow: 0 ms
[2024-12-17 03:27:56.218] [RobinLog] [info] Qt: Spend Time: 143 ms before ScreenShot: 0 ms ScreenShot: 44 ms ScreenShotWidgetInit: 4 ms UiSpyInit: 81 ms ShortCutTipsInit: 0 ms QrCodeDetectInit: 0 ms SetupScreenShotWindow: 0 ms ShowScreenShotWindow: 6 ms After ShowScreenShotWindow: 0 ms
[2024-12-17 03:50:51.109] [RobinLog] [info] Qt: Preheat program start
[2024-12-17 03:50:51.141] [RobinLog] [info] Qt: Preheat program end
[2024-12-17 04:15:51.145] [RobinLog] [info] Qt: Preheat program start
[2024-12-17 04:15:51.179] [RobinLog] [info] Qt: Preheat program end
[2024-12-17 04:40:51.147] [RobinLog] [info] Qt: Preheat program start
[2024-12-17 04:40:51.178] [RobinLog] [info] Qt: Preheat program end
[2024-12-17 05:05:51.156] [RobinLog] [info] Qt: Preheat program start
[2024-12-17 05:05:51.188] [RobinLog] [info] Qt: Preheat program end
[2024-12-17 05:30:51.154] [RobinLog] [info] Qt: Preheat program start
[2024-12-17 05:30:51.192] [RobinLog] [info] Qt: Preheat program end
[2024-12-17 05:55:51.155] [RobinLog] [info] Qt: Preheat program start
[2024-12-17 05:55:51.187] [RobinLog] [info] Qt: Preheat program end
[2024-12-17 06:20:51.145] [RobinLog] [info] Qt: Preheat program start
[2024-12-17 06:20:51.176] [RobinLog] [info] Qt: Preheat program end
[2024-12-17 06:45:51.189] [RobinLog] [info] Qt: Preheat program start
[2024-12-17 06:45:51.221] [RobinLog] [info] Qt: Preheat program end
[2024-12-17 07:10:51.239] [RobinLog] [info] Qt: Preheat program start
[2024-12-17 07:10:51.271] [RobinLog] [info] Qt: Preheat program end
[2024-12-17 07:35:51.278] [RobinLog] [info] Qt: Preheat program start
[2024-12-17 07:35:51.310] [RobinLog] [info] Qt: Preheat program end
[2024-12-17 08:00:51.327] [RobinLog] [info] Qt: Preheat program start
[2024-12-17 08:00:51.360] [RobinLog] [info] Qt: Preheat program end
[2024-12-17 08:25:51.350] [RobinLog] [info] Qt: Preheat program start
[2024-12-17 08:25:51.380] [RobinLog] [info] Qt: Preheat program end
[2024-12-17 08:50:51.351] [RobinLog] [info] Qt: Preheat program start
[2024-12-17 08:50:51.382] [RobinLog] [info] Qt: Preheat program end
[2024-12-17 09:15:51.379] [RobinLog] [info] Qt: Preheat program start
[2024-12-17 09:15:51.412] [RobinLog] [info] Qt: Preheat program end
[2024-12-17 09:40:51.453] [RobinLog] [info] Qt: Preheat program start
[2024-12-17 09:40:51.480] [RobinLog] [info] Qt: Preheat program end
[2024-12-17 10:05:51.499] [RobinLog] [info] Qt: Preheat program start
[2024-12-17 10:05:51.530] [RobinLog] [info] Qt: Preheat program end
[2024-12-17 10:30:51.495] [RobinLog] [info] Qt: Preheat program start
[2024-12-17 10:30:51.524] [RobinLog] [info] Qt: Preheat program end
[2024-12-17 10:55:51.499] [RobinLog] [info] Qt: Preheat program start
[2024-12-17 10:55:51.530] [RobinLog] [info] Qt: Preheat program end
[2024-12-17 11:57:16.506] [RobinLog] [info] Qt: Preheat program start
[2024-12-17 11:57:16.577] [RobinLog] [info] Qt: Preheat program end
[2024-12-17 12:22:16.523] [RobinLog] [info] Qt: Preheat program start
[2024-12-17 12:22:16.579] [RobinLog] [info] Qt: Preheat program end
[2024-12-17 12:47:16.520] [RobinLog] [info] Qt: Preheat program start
[2024-12-17 12:47:16.565] [RobinLog] [info] Qt: Preheat program end
[2024-12-17 13:12:16.532] [RobinLog] [info] Qt: Preheat program start
[2024-12-17 13:12:16.596] [RobinLog] [info] Qt: Preheat program end
[2024-12-17 13:37:16.524] [RobinLog] [info] Qt: Preheat program start
[2024-12-17 13:37:16.593] [RobinLog] [info] Qt: Preheat program end
[2024-12-17 14:02:16.525] [RobinLog] [info] Qt: Preheat program start
[2024-12-17 14:02:16.609] [RobinLog] [info] Qt: Preheat program end
[2024-12-17 14:27:16.530] [RobinLog] [info] Qt: Preheat program start
[2024-12-17 14:27:16.598] [RobinLog] [info] Qt: Preheat program end
[2024-12-17 14:52:16.546] [RobinLog] [info] Qt: Preheat program start
[2024-12-17 14:52:16.617] [RobinLog] [info] Qt: Preheat program end
[2024-12-17 15:17:16.543] [RobinLog] [info] Qt: Preheat program start
[2024-12-17 15:17:18.162] [RobinLog] [info] Qt: Preheat program end
[2024-12-17 15:42:16.539] [RobinLog] [info] Qt: Preheat program start
[2024-12-17 15:42:16.606] [RobinLog] [info] Qt: Preheat program end
[2024-12-17 16:07:16.550] [RobinLog] [info] Qt: Preheat program start
[2024-12-17 16:07:16.613] [RobinLog] [info] Qt: Preheat program end
[2024-12-17 16:32:16.539] [RobinLog] [info] Qt: Preheat program start
[2024-12-17 16:32:16.604] [RobinLog] [info] Qt: Preheat program end
[2024-12-17 16:57:16.547] [RobinLog] [info] Qt: Preheat program start
[2024-12-17 16:57:16.618] [RobinLog] [info] Qt: Preheat program end
[2024-12-17 17:22:16.552] [RobinLog] [info] Qt: Preheat program start
[2024-12-17 17:22:16.619] [RobinLog] [info] Qt: Preheat program end
[2024-12-17 17:31:42.440] [RobinLog] [info] Qt: ScreenList  PixScreenManager
"\\\\.\\DISPLAY1"(""): Primary
    Geometry: QRect(0,0 1920x1080)
    AvailableGeometry: QRect(0,0 1920x1042)
    LogicalDotsPerInch: 120
    DevicePixelRatio: 1
    PixelRatio: 1.25
[2024-12-17 17:47:16.566] [RobinLog] [info] Qt: Preheat program start
[2024-12-17 17:47:16.642] [RobinLog] [info] Qt: Preheat program end
[2024-12-17 18:12:16.559] [RobinLog] [info] Qt: Preheat program start
[2024-12-17 18:12:16.635] [RobinLog] [info] Qt: Preheat program end
[2024-12-18 22:06:52.499] [RobinLog] [info] Qt: Preheat program start
[2024-12-18 22:06:52.621] [RobinLog] [info] Qt: Preheat program end
[2024-12-18 22:06:57.898] [RobinLog] [info] Qt: ScreenList  PixScreenManager
"\\\\.\\DISPLAY1"(""): Primary
    Geometry: QRect(0,0 1920x1080)
    AvailableGeometry: QRect(0,0 1920x1042)
    LogicalDotsPerInch: 120
    DevicePixelRatio: 1
    PixelRatio: 1.25
[2024-12-18 22:08:27.884] [RobinLog] [info] Qt: Spend Time: 154 ms before ScreenShot: 1 ms ScreenShot: 48 ms ScreenShotWidgetInit: 5 ms UiSpyInit: 88 ms ShortCutTipsInit: 0 ms QrCodeDetectInit: 0 ms SetupScreenShotWindow: 0 ms ShowScreenShotWindow: 7 ms After ShowScreenShotWindow: 0 ms
[2024-12-18 22:08:35.932] [RobinLog] [info] Qt: Spend Time: 132 ms before ScreenShot: 0 ms ScreenShot: 44 ms ScreenShotWidgetInit: 5 ms UiSpyInit: 69 ms ShortCutTipsInit: 0 ms QrCodeDetectInit: 0 ms SetupScreenShotWindow: 0 ms ShowScreenShotWindow: 5 ms After ShowScreenShotWindow: 0 ms
[2024-12-18 22:10:58.225] [RobinLog] [info] Qt: Spend Time: 108 ms before ScreenShot: 0 ms ScreenShot: 53 ms ScreenShotWidgetInit: 8 ms UiSpyInit: 32 ms ShortCutTipsInit: 0 ms QrCodeDetectInit: 0 ms SetupScreenShotWindow: 0 ms ShowScreenShotWindow: 6 ms After ShowScreenShotWindow: 0 ms
[2024-12-18 22:31:52.570] [RobinLog] [info] Qt: Preheat program start
[2024-12-18 22:31:53.441] [RobinLog] [info] Qt: Preheat program end
[2024-12-19 16:24:15.129] [RobinLog] [info] Qt: Spend Time: 152 ms before ScreenShot: 0 ms ScreenShot: 42 ms ScreenShotWidgetInit: 8 ms UiSpyInit: 85 ms ShortCutTipsInit: 0 ms QrCodeDetectInit: 0 ms SetupScreenShotWindow: 0 ms ShowScreenShotWindow: 0 ms After ShowScreenShotWindow: 0 ms
[2024-12-19 21:32:24.551] [RobinLog] [info] Qt: Preheat program start
[2024-12-19 21:32:26.095] [RobinLog] [info] Qt: Preheat program end
[2024-12-19 21:57:24.586] [RobinLog] [info] Qt: Preheat program start
[2024-12-19 21:57:24.657] [RobinLog] [info] Qt: Preheat program end
[2025-01-26 16:38:03.828] [RobinLog] [info] Qt: Crashpad version: "1.9.5.0"
[2025-01-26 16:38:03.837] [RobinLog] [info] Qt: ApplyConfigProxyToAppliction DefaultProxy """:0" ["Tunnel Listen UDP SctpTunnel SctpListen"]
[2025-01-26 16:38:04.507] [RobinLog] [info] Qt: ScreenList  PixScreenManager
"\\\\.\\DISPLAY1"(""): Primary
    Geometry: QRect(0,0 1920x1080)
    AvailableGeometry: QRect(0,0 1920x1042)
    LogicalDotsPerInch: 120
    DevicePixelRatio: 1
    PixelRatio: 1.25
[2025-01-26 16:38:04.556] [RobinLog] [info] Qt: Preheat program start
[2025-01-26 16:38:04.679] [RobinLog] [info] Qt: Preheat program end
[2025-01-26 16:38:13.546] [RobinLog] [info] Qt: Spend Time: 287 ms before ScreenShot: 1 ms ScreenShot: 43 ms ScreenShotWidgetInit: 8 ms UiSpyInit: 154 ms ShortCutTipsInit: 0 ms QrCodeDetectInit: 0 ms SetupScreenShotWindow: 0 ms ShowScreenShotWindow: 75 ms After ShowScreenShotWindow: 0 ms
[2025-01-26 16:39:40.325] [RobinLog] [info] Qt: Spend Time: 94 ms before ScreenShot: 0 ms ScreenShot: 35 ms ScreenShotWidgetInit: 9 ms UiSpyInit: 35 ms ShortCutTipsInit: 0 ms QrCodeDetectInit: 0 ms SetupScreenShotWindow: 0 ms ShowScreenShotWindow: 6 ms After ShowScreenShotWindow: 0 ms
[2025-01-26 16:40:22.057] [RobinLog] [info] Qt: Spend Time: 93 ms before ScreenShot: 0 ms ScreenShot: 44 ms ScreenShotWidgetInit: 6 ms UiSpyInit: 26 ms ShortCutTipsInit: 0 ms QrCodeDetectInit: 0 ms SetupScreenShotWindow: 0 ms ShowScreenShotWindow: 7 ms After ShowScreenShotWindow: 0 ms
[2025-01-26 17:02:03.684] [RobinLog] [info] Qt: Preheat program start
[2025-01-26 17:02:03.717] [RobinLog] [info] Qt: Preheat program end
[2025-01-26 17:27:29.656] [RobinLog] [info] Qt: Preheat program start
[2025-01-26 17:27:29.695] [RobinLog] [info] Qt: Preheat program end
[2025-01-26 17:52:29.652] [RobinLog] [info] Qt: Preheat program start
[2025-01-26 17:52:29.687] [RobinLog] [info] Qt: Preheat program end
[2025-01-26 18:17:29.684] [RobinLog] [info] Qt: Preheat program start
[2025-01-26 18:17:29.716] [RobinLog] [info] Qt: Preheat program end
[2025-01-26 18:42:29.763] [RobinLog] [info] Qt: Preheat program start
[2025-01-26 18:42:29.802] [RobinLog] [info] Qt: Preheat program end
[2025-01-26 19:07:29.814] [RobinLog] [info] Qt: Preheat program start
[2025-01-26 19:07:29.850] [RobinLog] [info] Qt: Preheat program end
[2025-01-26 19:32:29.911] [RobinLog] [info] Qt: Preheat program start
[2025-01-26 19:32:29.945] [RobinLog] [info] Qt: Preheat program end
[2025-01-26 19:57:29.960] [RobinLog] [info] Qt: Preheat program start
[2025-01-26 19:57:29.997] [RobinLog] [info] Qt: Preheat program end
[2025-01-26 20:22:30.025] [RobinLog] [info] Qt: Preheat program start
[2025-01-26 20:22:30.060] [RobinLog] [info] Qt: Preheat program end
[2025-01-26 20:47:30.021] [RobinLog] [info] Qt: Preheat program start
[2025-01-26 20:47:30.059] [RobinLog] [info] Qt: Preheat program end
[2025-01-26 21:12:30.095] [RobinLog] [info] Qt: Preheat program start
[2025-01-26 21:12:30.127] [RobinLog] [info] Qt: Preheat program end
[2025-01-26 21:37:30.115] [RobinLog] [info] Qt: Preheat program start
[2025-01-26 21:37:30.145] [RobinLog] [info] Qt: Preheat program end
[2025-01-26 22:02:30.194] [RobinLog] [info] Qt: Preheat program start
[2025-01-26 22:02:30.230] [RobinLog] [info] Qt: Preheat program end
[2025-01-26 22:27:30.195] [RobinLog] [info] Qt: Preheat program start
[2025-01-26 22:27:30.227] [RobinLog] [info] Qt: Preheat program end
[2025-01-26 22:52:30.269] [RobinLog] [info] Qt: Preheat program start
[2025-01-26 22:52:31.276] [RobinLog] [info] Qt: Preheat program end
[2025-01-26 23:17:30.275] [RobinLog] [info] Qt: Preheat program start
[2025-01-26 23:17:30.344] [RobinLog] [info] Qt: Preheat program end
[2025-01-26 23:42:30.313] [RobinLog] [info] Qt: Preheat program start
[2025-01-26 23:42:30.385] [RobinLog] [info] Qt: Preheat program end
[2025-01-27 05:44:53.591] [RobinLog] [info] Qt: Preheat program start
[2025-01-27 05:44:55.335] [RobinLog] [info] Qt: Preheat program end
[2025-01-27 06:09:53.658] [RobinLog] [info] Qt: Preheat program start
[2025-01-27 06:09:53.[2025-03-08 19:06:20.898] [RobinLog] [warning] Qt: QVariant::load: unknown user type with name QVector<QByteArray>.
[2025-03-08 19:06:21.027] [RobinLog] [info] Qt: Crashpad version: "1.9.11.8"
[2025-03-08 19:06:21.030] [RobinLog] [info] Qt: ApplyConfigProxyToAppliction DefaultProxy """:0" ["Tunnel Listen UDP SctpTunnel SctpListen"]
[2025-03-08 19:06:21.384] [RobinLog] [info] Qt: ScreenList  PixScreenManager
"\\\\.\\DISPLAY1"(""): Primary
    Geometry: QRect(0,0 1920x1080)
    AvailableGeometry: QRect(0,0 1920x1042)
    LogicalDotsPerInch: 120
    DevicePixelRatio: 1
    PixelRatio: 1.25
[2025-03-08 19:06:21.414] [RobinLog] [info] Qt: Preheat program start
[2025-03-08 19:06:21.702] [RobinLog] [info] Qt: Preheat program end
[2025-03-08 20:16:52.502] [RobinLog] [info] Qt: Preheat program start
[2025-03-08 20:16:52.577] [RobinLog] [info] Qt: Preheat program end
[2025-03-08 20:26:52.516] [RobinLog] [info] Qt: Preheat program start
[2025-03-08 20:26:52.554] [RobinLog] [info] Qt: Preheat program end
[2025-03-08 20:36:52.520] [RobinLog] [info] Qt: Preheat program start
[2025-03-08 20:36:54.161] [RobinLog] [info] Qt: Preheat program end
[2025-03-08 20:46:52.520] [RobinLog] [info] Qt: Preheat program start
[2025-03-08 20:46:52.549] [RobinLog] [info] Qt: Preheat program end
[2025-03-08 20:56:52.509] [RobinLog] [info] Qt: Preheat program start
[2025-03-08 20:56:52.539] [RobinLog] [info] Qt: Preheat program end
[2025-03-08 21:06:52.518] [RobinLog] [info] Qt: Preheat program start
[2025-03-08 21:06:52.557] [RobinLog] [info] Qt: Preheat program end
[2025-03-08 21:09:11.200] [RobinLog] [info] Qt: ScreenList  PixScreenManager
"\\\\.\\DISPLAY1"(""): Primary
    Geometry: QRect(0,0 1920x1080)
    AvailableGeometry: QRect(0,0 1920x1042)
    LogicalDotsPerInch: 120
    DevicePixelRatio: 1
    PixelRatio: 1.25
[2025-03-08 21:14:05.710] [RobinLog] [info] Qt: ScreenList  PixScreenManager
"\\\\.\\DISPLAY1"(""): Primary
    Geometry: QRect(0,0 1920x1080)
    AvailableGeometry: QRect(0,0 1920x1042)
    LogicalDotsPerInch: 120
    DevicePixelRatio: 1
    PixelRatio: 1.25
[2025-03-08 21:16:41.837] [RobinLog] [info] Qt: Spend Time: 167 ms before ScreenShot: 1 ms ScreenShot: 91 ms ScreenShotWidgetInit: 20 ms UiSpyInit: 41 ms ShortCutTipsInit: 0 ms QrCodeDetectInit: 0 ms SetupScreenShotWindow: 0 ms ShowScreenShotWindow: 8 ms After ShowScreenShotWindow: 0 ms
[2025-03-08 21:19:33.247] [RobinLog] [info] Qt: ScreenList  PixScreenManager
"\\\\.\\DISPLAY1"(""): Primary
    Geometry: QRect(0,0 1920x1080)
    AvailableGeometry: QRect(0,0 1920x1042)
    LogicalDotsPerInch: 120
    DevicePixelRatio: 1
    PixelRatio: 1.25
[2025-03-08 21:26:48.862] [RobinLog] [info] Qt: Preheat program start
[2025-03-08 21:26:49.077] [RobinLog] [info] Qt: Preheat program end
[2025-03-08 21:36:48.865] [RobinLog] [info] Qt: Preheat program start
[2025-03-08 21:36:49.337] [RobinLog] [info] Qt: Preheat program end
[2025-03-08 21:46:48.855] [RobinLog] [info] Qt: Preheat program start
[2025-03-08 21:46:49.076] [RobinLog] [info] Qt: Preheat program end
[2025-03-08 21:51:46.712] [RobinLog] [info] Qt: ScreenList  PixScreenManager
"\\\\.\\DISPLAY1"(""): Primary
    Geometry: QRect(0,0 1920x1080)
    AvailableGeometry: QRect(0,0 1920x1050)
    LogicalDotsPerInch: 120
    DevicePixelRatio: 1
    PixelRatio: 1.25
[2025-03-08 21:51:47.880] [RobinLog] [info] Qt: ScreenList  PixScreenManager
"\\\\.\\DISPLAY1"(""): Primary
    Geometry: QRect(0,0 1920x1080)
    AvailableGeometry: QRect(0,0 1920x1042)
    LogicalDotsPerInch: 120
    DevicePixelRatio: 1
    PixelRatio: 1.25
[2025-03-08 21:56:48.854] [RobinLog] [info] Qt: Preheat program start
[2025-03-08 21:56:49.045] [RobinLog] [info] Qt: Preheat program end
[2025-03-08 22:06:48.853] [RobinLog] [info] Qt: Preheat program start
[2025-03-08 22:06:48.898] [RobinLog] [info] Qt: Preheat program end
[2025-03-08 22:16:48.852] [RobinLog] [info] Qt: Preheat program start
[2025-03-08 22:16:48.899] [RobinLog] [info] Qt: Preheat program end
[2025-03-08 22:26:48.866] [RobinLog] [info] Qt: Preheat program start
[2025-03-08 2[2025-05-28 21:25:24.926] [RobinLog] [info] Qt: Crashpad version: "1.9.11.8"
[2025-05-28 21:25:24.930] [RobinLog] [info] Qt: ApplyConfigProxyToAppliction DefaultProxy """:0" ["Tunnel Listen UDP SctpTunnel SctpListen"]
[2025-05-28 21:25:25.031] [RobinLog] [info] Qt: ScreenList  PixScreenManager
"\\\\.\\DISPLAY1"(""): Primary
    Geometry: QRect(0,0 1920x1080)
    AvailableGeometry: QRect(0,0 1920x1050)
    LogicalDotsPerInch: 96
    DevicePixelRatio: 1
    PixelRatio: 1
[2025-05-28 21:25:25.106] [RobinLog] [info] Qt: Preheat program start
[2025-05-28 21:25:25.231] [RobinLog] [info] Qt: Preheat program end
[2025-05-28 21:25:25.730] [RobinLog] [warning] Qt: QAppStat Error:  "SSL Œ’ ÷ ß∞‹"
[2025-05-28 21:25:44.062] [RobinLog] [info] Qt: Spend Time: 104 ms before ScreenShot: 0 ms ScreenShot: 32 ms ScreenShotWidgetInit: 14 ms UiSpyInit: 41 ms ShortCutTipsInit: 0 ms QrCodeDetectInit: 0 ms SetupScreenShotWindow: 0 ms ShowScreenShotWindow: 7 ms After ShowScreenShotWindow: 0 ms
[2025-05-28 21:26:10.820] [RobinLog] [info] Qt: ScreenList  PixScreenManager
"\\\\.\\DISPLAY1"(""): Primary
    Geometry: QRect(0,0 1920x1080)
    AvailableGeometry: QRect(0,0 1920x1050)
    LogicalDotsPerInch: 96
    DevicePixelRatio: 1
    PixelRatio: 1
[2025-05-28 21:26:21.798] [RobinLog] [info] Qt: ScreenList  PixScreenManager
"\\\\.\\DISPLAY1"(""): Primary
    Geometry: QRect(0,0 1920x1080)
    AvailableGeometry: QRect(0,0 1920x1050)
    LogicalDotsPerInch: 96
    DevicePixelRatio: 1
    PixelRatio: 1
[2025-05-28 21:26:29.286] [RobinLog] [info] Qt: ScreenList  PixScreenManager
"\\\\.\\DISPLAY1"(""): Primary
    Geometry: QRect(0,0 1920x1080)
    AvailableGeometry: QRect(0,0 1920x1050)
    LogicalDotsPerInch: 96
    DevicePixelRatio: 1
    PixelRatio: 1
[2025-05-28 21:26:30.922] [RobinLog] [info] Qt: ScreenList  PixScreenManager
"\\\\.\\DISPLAY1"(""): Primary
    Geometry: QRect(0,0 1920x1080)
    AvailableGeometry: QRect(0,0 1920x1050)
    LogicalDotsPerInch: 96
    DevicePixelRatio: 1
    PixelRatio: 1
[2025-05-28 21:26:42.931] [RobinLog] [info] Qt: ScreenList  PixScreenManager
"\\\\.\\DISPLAY1"(""): Primary
    Geometry: QRect(0,0 1920x1080)
    AvailableGeometry: QRect(0,0 1920x1050)
    LogicalDotsPerInch: 96
    DevicePixelRatio: 1
    PixelRatio: 1
[2025-05-28 21:35:49.389] [RobinLog] [info] Qt: Preheat program start
[2025-05-28 21:35:49.429] [RobinLog] [info] Qt: Preheat program end
[2025-05-28 21:45:49.387] [RobinLog] [info] Qt: Preheat program start
[2025-05-28 21:45:49.423] [RobinLog] [info] Qt: Preheat program end
[2025-05-28 21:55:45.313] [RobinLog] [info] Qt: ScreenList  PixScreenManager
"\\\\.\\DISPLAY1"(""): Primary
    Geometry: QRect(0,0 1920x1080)
    AvailableGeometry: QRect(0,0 1920x1050)
    LogicalDotsPerInch: 96
    DevicePixelRatio: 1
    PixelRatio: 1
[2025-05-28 21:55:49.398] [RobinLog] [info] Qt: Preheat program start
[2025-05-28 21:55:49.440] [RobinLog] [info] Qt: Preheat program end
[2025-05-28 22:00:08.955] [RobinLog] [info] Qt: ScreenList  PixScreenManager
"\\\\.\\DISPLAY1"(""): Primary
    Geometry: QRect(0,0 1920x1080)
    AvailableGeometry: QRect(0,0 1920x1050)
    LogicalDotsPerInch: 96
    DevicePixelRatio: 1
    PixelRatio: 1
[2025-05-28 22:05:49.391] [RobinLog] [info] Qt: Preheat program start
[2025-05-28 22:05:49.429] [RobinLog] [info] Qt: Preheat program end
[2025-05-28 22:15:49.392] [RobinLog] [info] Qt: Preheat program start
[2025-05-28 22:15:49.427] [RobinLog] [info] Qt: Preheat program end
[2025-05-28 22:25:49.388] [RobinLog] [info] Qt: Preheat program start
[2025-05-28 22:25:49.429] [RobinLog] [info] Qt: Preheat program end
[2025-05-28 22:35:49.387] [RobinLog] [info] Qt: Preheat program start
[2025-05-28 22:35:49.421] [RobinLog] [info] Qt: Preheat program end
[2025-05-28 22:40:10.108] [RobinLog] [info] Qt: ScreenList  PixScreenManager
"\\\\.\\DISPLAY1"(""): Primary
    Geometry: QRect(0,0 1920x1080)
    AvailableGeometry: QRect(0,0 1920x1050)
    LogicalDotsPerInch: 96
    DevicePixelRatio: 1
    PixelRatio: 1
[2025-05-28 22:40:15.615] [RobinLog] [info] Qt: ScreenList  PixScreenM[2026-02-24 02:03:38.447] [PixLog] [info] Qt: Loaded PixPinIconfont with font ID: 0  Font names: ("PixPinIconfont")
[2026-02-24 02:03:38.455] [PixLog] [info] Qt: System ui locale name: "zh-CN"
[2026-02-24 02:03:38.456] [PixLog] [info] Qt: App Language set to:  "zh-cn"
[2026-02-24 02:03:38.457] [PixLog] [info] Qt: Bug report enabled
[2026-02-24 02:03:38.508] [PixLog] [info] Qt: Bug report initialized
[2026-02-24 02:03:38.510] [PixLog] [info] Qt: LanguageConfig::setDefaultLanguage "follow_software"
[2026-02-24 02:03:38.510] [PixLog] [info] Qt: ApplyConfigProxyToAppliction DefaultProxy """:0" ["Tunnel Listen UDP SctpTunnel SctpListen"]
[2026-02-24 02:03:38.510] [PixLog] [info] Qt: Current Windows version: QOperatingSystemVersion("Windows", 10.0.26200)
[2026-02-24 02:03:38.887] [PixLog] [info] Qt: ScreenList  PixScreenManager
"\\\\.\\DISPLAY1"("AMD Radeon(TM) Graphics"): Primary
    Geometry: QRect(0,0 1920x1080)
    AvailableGeometry: QRect(0,0 1920x1020)
[2026-02-24 02:03:39.009] [PixLog] [info] Qt: Preheat program start
[2026-02-24 02:03:39.109] [PixLog] [info] Qt: Preheat program end
[2026-02-24 02:03:39.522] [PixLog] [info] Qt: PixTrack ProfileID: "545ffe0a8a6b40c29faf7dbe087d5463"
[2026-02-24 02:03:39.528] [PixLog] [info] Qt: upgrade success from  ""  to  "2.2.4.0"
[2026-02-24 02:03:40.059] [PixLog] [info] Qt: new upgrade info, version:  "2.4.9.6"  download url:  ("https://download.pixpinapp.com/PixPin_cn_zh-cn_2.4.9.6.exe", "https://down.pixpin.cn/PixPin_cn_zh-cn_2.4.9.6.exe", "https://download.pixpin.cn/PixPin_cn_zh-cn_2.4.9.6.exe")
[2026-02-24 02:14:14.787] [PixLog] [info] Qt: Preheat program start
[2026-02-24 02:14:14.820] [PixLog] [info] Qt: Preheat program end
[2026-02-24 02:24:14.789] [PixLog] [info] Qt: Preheat program start
[2026-02-24 02:24:14.825] [PixLog] [info] Qt: Preheat program end
[2026-02-24 02:33:21.243] [PixLog] [info] Qt: onDisplayChanged
[2026-02-24 02:33:21.269] [PixLog] [info] Qt: Current Windows version: QOperatingSystemVersion("Windows", 10.0.26200)
[2026-02-24 02:33:21.521] [PixLog] [info] Qt: ScreenList  PixScreenManager
"\\\\.\\DISPLAY1"("AMD Radeon(TM) Graphics"): Primary
    Geometry: QRect(0,0 1920x1080)
    AvailableGeometry: QRect(0,0 1920x1020)
[2026-02-24 02:33:54.282] [PixLog] [info] Qt: onDisplayChanged
[2026-02-24 02:33:54.301] [PixLog] [info] Qt: Current Windows version: QOperatingSystemVersion("Windows", 10.0.26200)
[2026-02-24 02:33:54.550] [PixLog] [info] Qt: ScreenList  PixScreenManager
"\\\\.\\DISPLAY1"("AMD Radeon(TM) Graphics"): Primary
    Geometry: QRect(0,0 1920x1080)
    AvailableGeometry: QRect(0,0 1920x1020)
[2026-02-24 02:34:07.752] [PixLog] [info] Qt: onDisplayChanged
[2026-02-24 02:34:07.773] [PixLog] [info] Qt: Current Windows version: QOperatingSystemVersion("Windows", 10.0.26200)
[2026-02-24 02:34:08.021] [PixLog] [info] Qt: ScreenList  PixScreenManager
"\\\\.\\DISPLAY1"("AMD Radeon(TM) Graphics"): Primary
    Geometry: QRect(0,0 1920x1080)
    AvailableGeometry: QRect(0,0 1920x1020)
[2026-02-24 02:34:14.781] [PixLog] [info] Qt: Preheat program start
[2026-02-24 02:34:14.818] [PixLog] [info] Qt: Preheat program end
[2026-02-24 02:34:16.074] [PixLog] [info] Qt: onDisplayChanged
[2026-02-24 02:34:16.092] [PixLog] [info] Qt: Current Windows version: QOperatingSystemVersion("Windows", 10.0.26200)
[2026-02-24 02:34:16.341] [PixLog] [info] Qt: ScreenList  PixScreenManager
"\\\\.\\DISPLAY1"("AMD Radeon(TM) Graphics"): Primary
    Geometry: QRect(0,0 1920x1080)
    AvailableGeometry: QRect(0,0 1920x1020)
[2026-02-24 02:34:24.201] [PixLog] [info] Qt: onDisplayChanged
[2026-02-24 02:34:24.221] [PixLog] [info] Qt: Current Windows version: QOperatingSystemVersion("Windows", 10.0.26200)
[2026-02-24 02:34:24.467] [PixLog] [info] Qt: ScreenList  PixScreenManager
"\\\\.\\DISPLAY1"("AMD Radeon(TM) Graphics"): Primary
    Geometry: QRect(0,0 1920x1080)
    AvailableGeometry: QRect(0,0 1920x1020)
[2026-02-24 02:34:33.886] [PixLog] [info] Qt: onDisplayChanged
[2026-02-24 02:34:33.906] [PixLog] [info] Qt: Current Windows version: QOperatingSystemVersion("Windows", 10.0.26200)
[2026-02-24 02:34:34.149] [PixLog] [info] Qt: ScreenList  PixScreenManager
"\\\\.\\DISPLAY1"("AMD Radeon(TM) Graphics"): Primary
    Geometry: QRect(0,0 1920x1080)
    AvailableGeometry: QRect(0,0 1920x1020)
[2026-03-06 22:14:55.792] [PixLog] [info] Qt: Loaded PixPinIconfont with font ID: 0  Font names: ("PixPinIconfont")
[2026-03-06 22:15:02.354] [2.4.9.6] [info] Qt: Loaded PixPinIconfont with font ID: 0  Font names: ("PixPinIconfont")
[2026-03-06 22:15:02.362] [2.4.9.6] [info] Qt: System ui locale name: "zh-CN"
[2026-03-06 22:15:02.363] [2.4.9.6] [info] Qt: App Language set to:  "zh-cn"
[2026-03-06 22:15:02.363] [2.4.9.6] [info] Qt: Initializing with uuid: "2ce3f602-5257-49e3-87ed-d4e878456d5b"
[2026-03-06 22:15:02.363] [2.4.9.6] [info] Qt: storage file path: "E:/PixPin/LoginData" storage file does not exist.
[2026-03-06 22:15:02.363] [2.4.9.6] [info] Qt: Bug report enabled
[2026-03-06 22:15:02.422] [2.4.9.6] [info] Qt: Bug report initialized
[2026-03-06 22:15:02.423] [2.4.9.6] [info] Qt: PixDeviceInfo init uuid: "2ce3f602-5257-49e3-87ed-d4e878456d5b"
[2026-03-06 22:15:02.423] [2.4.9.6] [info] Qt: PixDeviceInfo system version: "Windows 11 Version 2009"
[2026-03-06 22:15:02.425] [2.4.9.6] [info] Qt: LanguageConfig::setDefaultLanguage "follow_software"
[2026-03-06 22:15:02.425] [2.4.9.6] [info] Qt: ApplyConfigProxyToAppliction DefaultProxy """:0" ["Tunnel Listen UDP SctpTunnel SctpListen"]
[2026-03-06 22:15:02.425] [2.4.9.6] [info] Qt: Current Windows version: QOperatingSystemVersion("Windows", 10.0.26200)
[2026-03-06 22:15:02.757] [2.4.9.6] [info] Qt: ScreenList  PixScreenManager
"\\\\.\\DISPLAY1"("AMD Radeon(TM) Graphics"): Primary
    Geometry: QRect(0,0 1920x1080)
    AvailableGeometry: QRect(0,0 1920x1020)
[2026-03-06 22:15:03.399] [2.4.9.6] [info] Qt: PixTrack ProfileID: "545ffe0a8a6b40c29faf7dbe087d5463"
[2026-03-06 22:15:07.304] [2.4.9.6] [info] Qt: upgrade success from  "2.2.4.0"  to  "2.4.9.6"
[2026-03-06 22:15:07.348] [2.4.9.6] [info] Qt: PixUpgrade init with grayscale value:  45
[2026-03-06 22:15:07.754] [2.4.9.6] [info] Qt: no new version available
[2026-03-06 22:15:24.051] [2.4.9.6] [info] Qt: [UiSpyThreadWarp::run] Thread exiting
[2026-03-06 22:15:45.059] [2.4.9.6] [info] Qt: [UiSpyThreadWarp::run] Thread exiting
[2026-03-06 23:52:58.924] [2.4.9.6] [warning] Qt: monitorData: Unable to obtain handle for monitor '\\.\DISPLAY1', defaulting to 96 DPI.
[2026-03-06 23:52:58.932] [2.4.9.6] [warning] Qt: monitorData: Unable to obtain handle for monitor '\\.\DISPLAY1', defaulting to 96 DPI.
[2026-03-06 23:52:58.936] [2.4.9.6] [warning] Qt: monitorData: Unable to obtain handle for monitor '\\.\DISPLAY1', defaulting to 96 DPI.
[2026-03-06 23:52:58.945] [2.4.9.6] [warning] Qt: monitorData: Unable to obtain handle for monitor '\\.\DISPLAY1', defaulting to 96 DPI.
[2026-03-06 23:53:03.991] [2.4.9.6] [info] Qt: Current Windows version: QOperatingSystemVersion("Windows", 10.0.26200)
[2026-03-06 23:53:04.697] [2.4.9.6] [info] Qt: ScreenList  PixScreenManager
"\\\\.\\DISPLAY1"("AMD Radeon(TM) Graphics"): Primary
    Geometry: QRect(0,0 1920x1080)
    AvailableGeometry: QRect(0,0 1920x1020)
[2026-03-07 00:20:40.063] [2.4.9.6] [info] Qt: Current Windows version: QOperatingSystemVersion("Windows", 10.0.26200)
[2026-03-07 00:20:40.478] [2.4.9.6] [info] Qt: ScreenList  PixScreenManager
"\\\\.\\DISPLAY1"("AMD Radeon(TM) Graphics"): Primary
    Geometry: QRect(0,0 1920x1080)
    AvailableGeometry: QRect(0,0 1920x1020)
[2026-03-07 00:20:41.765] [2.4.9.6] [info] Qt: Current Windows version: QOperatingSystemVersion("Windows", 10.0.26200)
[2026-03-07 00:20:42.014] [2.4.9.6] [info] Qt: ScreenList  PixScreenManager
"\\\\.\\DISPLAY1"("AMD Radeon(TM) Graphics"): Primary
    Geometry: QRect(0,0 1920x1080)
    AvailableGeometry: QRect(0,0 1920x1020)
[2026-03-07 01:43:17.159] [2.4.9.6] [info] Qt: Current Windows version: QOperatingSystemVersion("Windows", 10.0.26200)
[2026-03-07 01:43:18.369] [2.4.9.6] [info] Qt: ScreenList  PixScreenManager
"\\\\.\\DISPLAY1"("AMD Radeon(TM) Graphics"): Primary
    Geometry: QRect(0,0 1920x1080)
    AvailableGeometry: QRect(0,0 1920x1020)
[2026-03-07 01:43:22.379] [2.4.9.6] [info] Qt: Current Windows version: QOperatingSystemVersion("Windows", 10.0.26200)
[2026-03-07 01:43:22.661] [2.4.9.6] [info] Qt: ScreenList  PixScreenManager
"\\\\.\\DISPLAY1"("AMD Radeon(TM) Graphics"): Primary
    Geometry: QRect(0,0 1920x1080)
    AvailableGeometry: QRect(0,0 1920x1020)
[2026-03-07 08:14:03.244] [2.4.9.6] [info] Qt: no new version available
[2026-03-07 12:24:45.236] [2.4.9.6] [info] Qt: Current Windows version: QOperatingSystemVersion("Windows", 10.0.26200)
[2026-03-07 12:24:45.655] [2.4.9.6] [info] Qt: ScreenList  PixScreenManager
"\\\\.\\DISPLAY1"("AMD Radeon(TM) Graphics"): Primary
    Geometry: QRect(0,0 1920x1080)
    AvailableGeometry: QRect(0,0 1920x1020)
[2026-03-07 12:59:41.726] [2.4.9.6] [info] Qt: [UiSpyThreadWarp::run] Thread exiting
[2026-03-07 13:00:25.685] [2.4.9.6] [info] Qt: [UiSpyThreadWarp::run] Thread exiting
[2026-03-07 13:31:45.834] [2.4.9.6] [info] Qt: Current Windows version: QOperatingSystemVersion("Windows", 10.0.26200)
[2026-03-07 13:31:46.151] [2.4.9.6] [info] Qt: ScreenList  PixScreenManager
"\\\\.\\DISPLAY1"("AMD Radeon(TM) Graphics"): Primary
    Geometry: QRect(0,0 1920x1080)
    AvailableGeometry: QRect(0,0 1920x1020)
[2026-03-07 13:54:35.151] [2.4.9.6] [info] Qt: Current Windows version: QOperatingSystemVersion("Windows", 10.0.26200)
[2026-03-07 13:54:35.465] [2.4.9.6] [info] Qt: ScreenList  PixScreenManager
"\\\\.\\DISPLAY1"("AMD Radeon(TM) Graphics"): Primary
    Geometry: QRect(0,0 1920x1080)
    AvailableGeometry: QRect(0,0 1920x1020)
[2026-03-07 16:05:07.052] [2.4.9.6] [info] Qt: Current Windows version: QOperatingSystemVersion("Windows", 10.0.26200)
[2026-03-07 16:05:07.621] [2.4.9.6] [info] Qt: ScreenList  PixScreenManager
"\\\\.\\DISPLAY1"("AMD Radeon(TM) Graphics"): Primary
    Geometry: QRect(0,0 1920x1080)
    AvailableGeometry: QRect(0,0 1920x1020)
[2026-03-07 18:14:07.255] [2.4.9.6] [info] Qt: no new version available
[2026-03-07 19:26:22.803] [2.4.9.6] [info] Qt: Current Windows version: QOperatingSystemVersion("Windows", 10.0.26200)
[2026-03-07 19:26:23.256] [2.4.9.6] [info] Qt: ScreenList  PixScreenManager
"\\\\.\\DISPLAY1"("AMD Radeon(TM) Graphics"): Primary
    Geometry: QRect(0,0 1920x1080)
    AvailableGeometry: QRect(0,0 1920x1020)
[2026-03-07 19:30:02.479] [2.4.9.6] [info] Qt: Current Windows version: QOperatingSystemVersion("Windows", 10.0.26200)
[2026-03-07 19:30:02.767] [2.4.9.6] [info] Qt: ScreenList  PixScreenManager
"\\\\.\\DISPLAY1"("AMD Radeon(TM) Graphics"): Primary
    Geometry: QRect(0,0 1920x1080)
    AvailableGeometry: QRect(0,0 1920x1020)
[2026-03-07 19:59:52.219] [2.4.9.6] [info] Qt: Current Windows version: QOperatingSystemVersion("Windows", 10.0.26200)
[2026-03-07 19:59:52.538] [2.4.9.6] [info] Qt: ScreenList  PixScreenManager
"\\\\.\\DISPLAY1"("AMD Radeon(TM) Graphics"): Primary
    Geometry: QRect(0,0 1920x1080)
    AvailableGeometry: QRect(0,0 1920x1020)
[2026-03-07 23:47:53.703] [2.4.9.6] [info] Qt: [UiSpyThreadWarp::run] Thread exiting
[2026-03-07 23:56:00.081] [2.4.9.6] [info] Qt: Current Windows version: QOperatingSystemVersion("Windows", 10.0.26200)
[2026-03-07 23:56:00.361] [2.4.9.6] [info] Qt: ScreenList  PixScreenManager
"\\\\.\\DISPLAY1"("AMD Radeon(TM) Graphics"): Primary
    Geometry: QRect(0,0 1920x1080)
    AvailableGeometry: QRect(0,0 1920x1020)
[2026-03-08 00:48:41.665] [2.4.9.6] [info] Qt: Current Windows version: QOperatingSystemVersion("Windows", 10.0.26200)
[2026-03-08 00:48:41.967] [2.4.9.6] [info] Qt: ScreenList  PixScreenManager
"\\\\.\\DISPLAY1"("AMD Radeon(TM) Graphics"): Primary
    Geometry: QRect(0,0 1920x1080)
    AvailableGeometry: QRect(0,0 1920x1020)
[2026-03-14 04:55:23.008] [2.4.9.6] [info] Qt: Loaded PixPinIconfont with font ID: 0  Font names: ("PixPinIconfont")
[2026-03-14 04:55:23.017] [2.4.9.6] [info] Qt: System ui locale name: "zh-CN"
[2026-03-14 04:55:23.020] [2.4.9.6] [info] Qt: App Language set to:  "zh-cn"
[2026-03-14 04:55:23.020] [2.4.9.6] [info] Qt: Initializing with uuid: "2ce3f602-5257-49e3-87ed-d4e878456d5b"
[2026-03-14 04:55:23.020] [2.4.9.6] [info] Qt: storage file path: "E:/PixPin/LoginData" storage file does not exist.
[2026-03-14 04:55:23.020] [2.4.9.6] [info] Qt: Bug report enabled
[2026-03-14 04:55:23.081] [2.4.9.6] [info] Qt: Bug report initialized
[2026-03-14 04:55:23.082] [2.4.9.6] [info] Qt: PixDeviceInfo init uuid: "2ce3f602-5257-49e3-87ed-d4e878456d5b"
[2026-03-14 04:55:23.082] [2.4.9.6] [info] Qt: PixDeviceInfo system version: "Windows 11 Version 2009"
[2026-03-14 04:55:23.084] [2.4.9.6] [info] Qt: LanguageConfig::setDefaultLanguage "follow_software"
[2026-03-14 04:55:23.084] [2.4.9.6] [info] Qt: ApplyConfigProxyToAppliction DefaultProxy """:0" ["Tunnel Listen UDP SctpTunnel SctpListen"]
[2026-03-14 04:55:23.084] [2.4.9.6] [info] Qt: Current Windows version: QOperatingSystemVersion("Windows", 10.0.26200)
[2026-03-14 04:55:23.381] [2.4.9.6] [info] Qt: ScreenList  PixScreenManager
"\\\\.\\DISPLAY1"("AMD Radeon(TM) Graphics"): Primary
    Geometry: QRect(0,0 1920x1080)
    AvailableGeometry: QRect(0,0 1920x1020)
[2026-03-14 04:55:24.061] [2.4.9.6] [info] Qt: PixTrack ProfileID: "545ffe0a8a6b40c29faf7dbe087d5463"
[2026-03-14 04:55:25.019] [2.4.9.6] [info] Qt: PixUpgrade init with grayscale value:  45
[2026-03-14 04:55:25.256] [2.4.9.6] [info] Qt: no new version available
[2026-03-14 04:55:33.731] [2.4.9.6] [info] Qt: [UiSpyThreadWarp::run] Thread exiting
[2026-03-18 02:07:06.507] [2.4.9.6] [info] Qt: Loaded PixPinIconfont with font ID: 0  Font names: ("PixPinIconfont")
[2026-03-18 02:07:06.516] [2.4.9.6] [info] Qt: System ui locale name: "zh-CN"
[2026-03-18 02:07:06.519] [2.4.9.6] [info] Qt: App Language set to:  "zh-cn"
[2026-03-18 02:07:06.519] [2.4.9.6] [info] Qt: Initializing with uuid: "2ce3f602-5257-49e3-87ed-d4e878456d5b"
[2026-03-18 02:07:06.519] [2.4.9.6] [info] Qt: storage file path: "E:/PixPin/LoginData" storage file does not exist.
[2026-03-18 02:07:06.519] [2.4.9.6] [info] Qt: Bug report enabled
[2026-03-18 02:07:06.572] [2.4.9.6] [info] Qt: Bug report initialized
[2026-03-18 02:07:06.572] [2.4.9.6] [info] Qt: PixDeviceInfo init uuid: "2ce3f602-5257-49e3-87ed-d4e878456d5b"
[2026-03-18 02:07:06.572] [2.4.9.6] [info] Qt: PixDeviceInfo system version: "Windows 11 Version 2009"
[2026-03-18 02:07:06.574] [2.4.9.6] [info] Qt: LanguageConfig::setDefaultLanguage "follow_software"
[2026-03-18 02:07:06.574] [2.4.9.6] [info] Qt: ApplyConfigProxyToAppliction DefaultProxy """:0" ["Tunnel Listen UDP SctpTunnel SctpListen"]
[2026-03-18 02:07:06.574] [2.4.9.6] [info] Qt: Current Windows version: QOperatingSystemVersion("Windows", 10.0.26200)
[2026-03-18 02:07:06.896] [2.4.9.6] [info] Qt: ScreenList  PixScreenManager
"\\\\.\\DISPLAY1"("AMD Radeon(TM) Graphics"): Primary
    Geometry: QRect(0,0 1920x1080)
    AvailableGeometry: QRect(0,0 1920x1020)
[2026-03-18 02:07:07.519] [2.4.9.6] [info] Qt: PixTrack ProfileID: "545ffe0a8a6b40c29faf7dbe087d5463"
[2026-03-18 02:07:08.331] [2.4.9.6] [info] Qt: PixUpgrade init with grayscale value:  45
[2026-03-18 02:07:08.614] [2.4.9.6] [info] Qt: no new version available
[2026-03-18 02:07:13.671] [2.4.9.6] [info] Qt: [UiSpyThreadWarp::run] Thread exiting
[2026-03-18 02:16:20.956] [2.4.9.6] [warning] Qt: PixPin is quitting...
[2026-03-18 02:16:34.203] [2.4.9.6] [info] Qt: Loaded PixPinIconfont with font ID: 0  Font names: ("PixPinIconfont")
[2026-03-18 02:16:34.210] [2.4.9.6] [info] Qt: System ui locale name: "zh-CN"
[2026-03-18 02:16:34.211] [2.4.9.6] [info] Qt: App Language set to:  "zh-cn"
[2026-03-18 02:16:34.211] [2.4.9.6] [info] Qt: Initializing with uuid: "2ce3f602-5257-49e3-87ed-d4e878456d5b"
[2026-03-18 02:16:34.211] [2.4.9.6] [info] Qt: storage file path: "E:/PixPin/LoginData" storage file does not exist.
[2026-03-18 02:16:34.211] [2.4.9.6] [info] Qt: Bug report enabled
[2026-03-18 02:16:34.251] [2.4.9.6] [info] Qt: Bug report initialized
[2026-03-18 02:16:34.251] [2.4.9.6] [info] Qt: PixDeviceInfo init uuid: "2ce3f602-5257-49e3-87ed-d4e878456d5b"
[2026-03-18 02:16:34.251] [2.4.9.6] [info] Qt: PixDeviceInfo system version: "Windows 11 Version 2009"
[2026-03-18 02:16:34.252] [2.4.9.6] [info] Qt: LanguageConfig::setDefaultLanguage "follow_software"
[2026-03-18 02:16:34.252] [2.4.9.6] [info] Qt: ApplyConfigProxyToAppliction DefaultProxy """:0" ["Tunnel Listen UDP SctpTunnel SctpListen"]
[2026-03-18 02:16:34.252] [2.4.9.6] [info] Qt: Current Windows version: QOperatingSystemVersion("Windows", 10.0.26200)
[2026-03-18 02:16:34.521] [2.4.9.6] [info] Qt: ScreenList  PixScreenManager
"\\\\.\\DISPLAY1"("AMD Radeon(TM) Graphics"): Primary
    Geometry: QRect(0,0 1920x1080)
    AvailableGeometry: QRect(0,0 1920x1020)
[2026-03-18 02:16:35.108] [2.4.9.6] [info] Qt: PixTrack ProfileID: "545ffe0a8a6b40c29faf7dbe087d5463"
[2026-03-18 02:16:35.842] [2.4.9.6] [info] Qt: PixUpgrade init with grayscale value:  45
[2026-03-18 02:16:36.137] [2.4.9.6] [info] Qt: no new version available
[2026-03-18 02:16:40.411] [2.4.9.6] [info] Qt: [UiSpyThreadWarp::run] Thread exiting
[2026-03-18 02:31:46.279] [2.4.9.6] [info] Qt: [UiSpyThreadWarp::run] Thread exiting
[2026-03-18 02:31:50.022] [2.4.9.6] [warning] Qt: PixPin is quitting...
[2026-04-07 00:04:30.407] [2.4.9.6] [info] Qt: Loaded PixPinIconfont with font ID: 0  Font names: ("PixPinIconfont")
[2026-04-07 00:04:30.429] [2.4.9.6] [info] Qt: System ui locale name: "zh-CN"
[2026-04-07 00:04:30.432] [2.4.9.6] [info] Qt: App Language set to:  "zh-cn"
[2026-04-07 00:04:30.433] [2.4.9.6] [info] Qt: Initializing with uuid: "2ce3f602-5257-49e3-87ed-d4e878456d5b"
[2026-04-07 00:04:30.433] [2.4.9.6] [info] Qt: storage file path: "E:/PixPin/LoginData" storage file does not exist.
[2026-04-07 00:04:30.433] [2.4.9.6] [info] Qt: Bug report enabled
[2026-04-07 00:04:30.495] [2.4.9.6] [info] Qt: Bug report initialized
[2026-04-07 00:04:30.495] [2.4.9.6] [info] Qt: PixDeviceInfo init uuid: "2ce3f602-5257-49e3-87ed-d4e878456d5b"
[2026-04-07 00:04:30.495] [2.4.9.6] [info] Qt: PixDeviceInfo system version: "Windows 11 Version 2009"
[2026-04-07 00:04:30.497] [2.4.9.6] [info] Qt: LanguageConfig::setDefaultLanguage "follow_software"
[2026-04-07 00:04:30.497] [2.4.9.6] [info] Qt: ApplyConfigProxyToAppliction DefaultProxy """:0" ["Tunnel Listen UDP SctpTunnel SctpListen"]
[2026-04-07 00:04:30.497] [2.4.9.6] [info] Qt: Current Windows version: QOperatingSystemVersion("Windows", 10.0.26200)
[2026-04-07 00:04:30.795] [2.4.9.6] [info] Qt: ScreenList  PixScreenManager
"\\\\.\\DISPLAY1"("AMD Radeon(TM) Graphics"): Primary
    Geometry: QRect(0,0 1920x1080)
    AvailableGeometry: QRect(0,0 1920x1020)
[2026-04-07 00:04:31.448] [2.4.9.6] [info] Qt: PixTrack ProfileID: "545ffe0a8a6b40c29faf7dbe087d5463"
[2026-04-07 00:04:32.253] [2.4.9.6] [info] Qt: PixUpgrade init with grayscale value:  45
[2026-04-07 00:04:32.444] [2.4.9.6] [info] Qt: new upgrade info, version:  "3.0.8.0"  download url:  ("https://download.pixpinapp.com/PixPin_cn_zh-cn_3.0.8.0.exe", "https://down.pixpin.cn/PixPin_cn_zh-cn_3.0.8.0.exe", "https://download.pixpin.cn/PixPin_cn_zh-cn_3.0.8.0.exe")
[2026-04-07 00:05:10.999] [2.4.9.6] [info] Qt: [UiSpyThreadWarp::run] Thread exiting
[2026-04-07 00:05:15.074] [2.4.9.6] [info] Qt: [UiSpyThreadWarp::run] Thread exiting
[2026-04-07 00:05:24.305] [2.4.9.6] [info] Qt: [UiSpyThreadWarp::run] Thread exiting
[2026-04-07 00:10:40.654] [2.4.9.6] [warning] Qt: PixPin is quitting...
[2026-04-07 01:31:11.346] [2.4.9.6] [info] Qt: Loaded PixPinIconfont with font ID: 0  Font names: ("PixPinIconfont")
[2026-04-07 01:31:11.368] [2.4.9.6] [info] Qt: starting upgrade process:  "E:/PixPin/Temp/PixPinAuxiliary.exe"  args:  ("Upgrade", "E:/PixPin", "E:/PixPin/UpgradeFiles/3.0.8.0.exe", "PixPin.exe")
[2026-04-07 01:31:20.344] [3.0.8.0] [info] Qt: Loaded PixPinIconfont with font ID: 0  Font names: ("PixPinIconfont")
[2026-04-07 01:31:20.352] [3.0.8.0] [info] Qt: System ui locale name: "zh-CN"
[2026-04-07 01:31:20.353] [3.0.8.0] [info] Qt: App Language set to:  "zh-cn"
[2026-04-07 01:31:20.353] [3.0.8.0] [info] Qt: Initializing with uuid: "2ce3f602-5257-49e3-87ed-d4e878456d5b"
[2026-04-07 01:31:20.353] [3.0.8.0] [info] Qt: storage file path: "E:/PixPin/LoginData" storage file does not exist.
[2026-04-07 01:31:20.353] [3.0.8.0] [info] Qt: Bug report enabled
[2026-04-07 01:31:20.398] [3.0.8.0] [info] Qt: Bug report initialized
[2026-04-07 01:31:20.398] [3.0.8.0] [info] Qt: PixDeviceInfo init uuid: "2ce3f602-5257-49e3-87ed-d4e878456d5b"
[2026-04-07 01:31:20.398] [3.0.8.0] [info] Qt: PixDeviceInfo system version: "Windows 11 Version 2009"
[2026-04-07 01:31:20.399] [3.0.8.0] [info] Qt: LanguageConfig::setDefaultLanguage "follow_software"
[2026-04-07 01:31:20.399] [3.0.8.0] [info] Qt: ApplyConfigProxyToAppliction DefaultProxy """:0" ["Tunnel Listen UDP SctpTunnel SctpListen"]
[2026-04-07 01:31:20.399] [3.0.8.0] [info] Qt: Current Windows version: QOperatingSystemVersion("Windows", 10.0.26200)
[2026-04-07 01:31:20.720] [3.0.8.0] [info] Qt: ScreenList  PixScreenManager
"\\\\.\\DISPLAY1"("AMD Radeon(TM) Graphics"): Primary
    Geometry: QRect(0,0 1920x1080)
    AvailableGeometry: QRect(0,0 1920x1020)
[2026-04-07 01:31:21.160] [3.0.8.0] [warning] Qt: Loading main QSS
[2026-04-07 01:31:21.172] [3.0.8.0] [warning] Qt: Main QSS loaded
[2026-04-07 01:31:21.473] [3.0.8.0] [info] Qt: PixTrack ProfileID: "545ffe0a8a6b40c29faf7dbe087d5463"
[2026-04-07 01:31:22.416] [3.0.8.0] [info] Qt: upgrade success from  "2.4.9.6"  to  "3.0.8.0"
[2026-04-07 01:31:22.457] [3.0.8.0] [info] Qt: PixUpgrade init with grayscale value:  45
[2026-04-07 01:31:22.755] [3.0.8.0] [info] Qt: no new version available
[2026-04-07 01:31:27.329] [3.0.8.0] [warning] Qt: PixPin is quitting...
